EmbeddedDomain,IPAdress,NumberOfDotsInURL,SuspiciousURL,NumberOfSensitiveWordsInURL,OutOfPositionTopLevelDomain,BadForms,BadActionFields,NonMatchingURLs,OutOfPositionBrandName,WebPageSize,AgeOfDomain,VirusTotalDomainReputation,XForceDomainReputation,PageRank,Label
0,0,1,1,0,0,0,0,-1,-1,165,1,14,1,0,1
0,0,1,0,0,0,0,0,-1,-1,430,0,21,1,0,1
0,0,1,0,0,0,0,0,1,0,39257,1,17,1,0,1
0,0,4,1,0,0,0,0,1,0,13300,0,12,1,0,1
0,0,3,0,0,1,0,0,-1,-1,165,0,12,1,0,1
0,0,1,1,0,0,0,0,1,0,9511,0,19,1,0,1
0,0,3,0,1,0,0,0,1,0,1858,0,18,0,0,1
0,0,2,0,0,0,0,0,1,0,4773,0,1,0,4,1
0,0,2,0,0,0,0,0,0,0,6722,1,13,1,0,1
0,0,2,0,0,1,0,0,1,0,4175,1,13,1,0,1
0,0,2,0,0,0,0,0,0,0,37584,0,10,1,1,1
0,0,3,1,0,0,0,0,1,0,117,0,11,0,0,1
0,0,1,1,1,0,0,0,1,0,212915,1,14,-1,0,1
0,0,4,0,0,1,0,0,1,0,703,0,3,0,0,1
0,0,1,0,0,0,0,0,-1,-1,7401,0,15,0,0,1
0,0,1,0,0,0,0,0,-1,-1,7407,0,16,-1,0,1
0,0,1,0,0,0,0,0,1,0,1757879,1,14,1,0,1
0,0,3,0,0,0,-1,-1,1,0,24014,0,9,1,0,1
0,0,3,1,0,0,0,0,-1,-1,2260,0,15,-1,0,1
0,0,1,0,0,0,0,0,1,0,54177,1,16,1,0,1
0,0,3,1,0,0,0,0,1,0,1225,0,1,0,3,1
0,0,3,1,0,0,0,0,-1,0,762163,0,19,1,0,1
0,0,1,0,0,0,0,0,-1,-1,7413,1,18,1,0,1
0,0,1,0,0,0,0,0,1,0,7388,1,10,-1,0,1
0,0,1,0,0,0,0,0,-1,-1,575,0,15,1,0,1
0,0,3,1,0,0,0,0,1,0,3742,0,16,1,0,1
0,0,3,1,0,0,0,0,1,0,3742,0,19,1,0,1
0,0,1,1,0,0,0,0,1,0,288005,1,12,1,0,1
0,0,1,1,0,0,0,0,1,0,289898,1,12,1,0,1
0,0,1,1,0,0,0,0,1,0,9965,1,12,1,0,1
0,0,1,1,0,0,0,0,1,0,9511,0,17,1,0,1
0,0,2,1,0,0,0,0,-1,-1,10485,0,4,-1,0,1
0,0,1,0,0,0,0,0,1,0,90348,1,13,1,0,1
0,0,1,0,0,0,0,0,1,0,1828,1,16,1,0,1
0,0,1,0,0,0,0,0,1,0,5628,1,13,1,0,1
0,0,2,0,1,0,0,0,-1,-1,557,0,11,-1,0,1
0,0,2,1,0,0,0,0,1,0,78766,1,10,-1,0,1
0,0,2,0,0,0,0,0,1,0,20713,0,12,1,0,1
0,0,2,0,0,0,0,0,-1,0,836,0,16,1,0,1
0,0,2,0,0,0,0,0,-1,0,835,0,13,1,0,1
0,0,1,0,0,0,0,0,-1,-1,165,1,17,1,0,1
0,0,1,0,0,0,0,0,1,0,429659,0,0,0,5,1
0,0,2,0,0,0,0,0,1,0,92537,0,0,0,8,1
0,0,3,0,0,0,0,0,-1,0,840,0,6,1,0,1
0,0,1,0,0,0,0,0,-1,-1,165,0,14,1,0,1
0,0,7,1,1,1,0,0,1,0,13271,0,7,-1,0,1
0,0,7,1,1,1,0,0,1,0,13296,0,7,-1,0,1
0,0,1,0,0,0,0,0,1,0,429659,0,0,0,5,1
0,0,4,1,0,0,0,0,1,0,131,0,9,1,0,1
0,0,2,0,0,0,0,0,0,0,453023,0,1,0,5,1
0,0,1,0,0,0,0,0,1,0,42439,1,8,-1,0,1
0,0,1,1,0,0,0,0,-1,-1,397,1,14,1,0,1
0,0,1,1,0,0,0,0,1,0,755235,1,17,1,0,1
0,0,1,1,0,0,0,0,1,0,755236,1,17,1,0,1
0,0,2,1,0,0,0,0,1,0,22802,0,14,1,0,1
0,0,2,1,0,0,0,0,1,0,22802,0,13,1,0,1
0,0,2,0,0,0,0,0,1,0,3742,0,8,0,0,1
0,0,1,1,0,0,0,0,1,0,9431,0,16,-1,0,1
0,0,1,1,0,0,0,0,1,0,340579,1,19,1,0,1
0,0,1,1,0,0,0,0,-1,-1,7437,1,18,1,0,1
0,0,1,0,0,0,0,0,-1,-1,7425,0,10,-1,0,1
0,0,2,0,0,0,0,0,1,0,20713,0,12,0,0,1
0,0,2,0,0,0,0,0,1,0,70,1,0,-1,0,1
0,0,3,1,0,0,0,0,1,0,9617,0,6,0,0,1
0,0,1,0,0,0,0,0,1,0,320035,0,6,-1,1,1
0,0,3,1,0,0,0,0,1,0,3742,0,18,1,0,1
0,0,3,1,0,0,0,0,1,0,3742,0,19,1,0,1
0,0,3,1,0,0,0,0,-1,-1,730461,0,18,1,0,1
0,0,3,1,0,0,0,0,1,0,3742,0,14,0,0,1
0,0,3,1,0,0,0,0,1,0,730566,0,17,1,0,1
0,0,3,1,0,0,0,0,1,0,796458,0,16,1,0,1
0,0,3,1,1,0,0,0,-1,-1,45329,0,19,1,0,1
0,0,3,1,0,0,0,0,1,0,730572,0,19,1,0,1
0,0,4,1,0,0,-1,-1,1,0,544063,1,-1,-1,0,1
0,0,2,1,1,0,0,0,1,0,5813,0,17,-1,0,1
0,0,1,0,0,0,0,0,1,0,664308,1,11,-1,0,1
0,0,1,0,0,0,0,0,1,0,14039,0,15,1,0,1
0,0,1,1,1,0,0,0,-1,-1,7405,1,11,-1,0,1
0,0,2,1,0,0,0,0,1,0,48180,0,0,0,8,1
0,0,2,0,0,0,0,0,1,0,45415,0,0,0,8,1
0,0,1,0,0,0,0,0,1,0,143437,1,6,-1,0,1
0,0,1,0,0,0,0,0,0,0,3453,0,5,0,2,1
0,0,1,0,0,0,0,0,1,0,60890,0,0,-1,0,1
0,0,1,0,0,0,0,0,-1,0,12149,1,12,1,0,1
0,0,8,1,0,0,0,0,-1,-1,435432,0,3,0,3,1
0,0,1,0,0,0,0,0,1,0,1560,0,9,-1,0,1
0,0,2,0,0,0,0,0,1,0,20713,0,12,1,0,1
0,0,2,1,0,0,0,0,1,0,30416,0,11,1,0,1
0,0,1,0,0,0,0,0,1,0,3742,1,15,1,0,1
0,0,3,0,0,0,-1,-1,1,0,118502,0,0,0,8,1
0,0,2,0,0,0,0,0,0,0,449543,0,1,0,5,1
0,0,2,0,0,0,0,0,-1,-1,213,0,0,-1,2,1
0,0,3,1,0,0,0,0,1,0,10307,0,10,-1,0,1
0,0,2,0,1,0,0,0,1,0,6099,0,0,0,0,1
0,0,3,1,0,0,0,0,1,0,126,0,13,-1,0,1
0,0,2,0,1,0,0,0,-1,-1,7286,0,10,-1,2,1
0,0,2,1,0,0,0,0,0,0,69531,0,8,-1,2,1
0,0,2,0,0,0,0,0,1,0,35796,0,13,1,0,1
0,0,1,0,0,0,0,0,-1,0,477,1,13,1,0,1
0,0,4,1,0,0,0,0,1,0,9255,0,10,0,2,1
0,0,4,1,0,1,0,0,-1,0,33523,0,4,-1,2,1
0,0,2,1,0,0,0,0,1,0,27186,0,10,-1,2,1
0,0,2,1,0,0,0,0,0,0,92314,0,11,-1,0,1
0,0,2,0,0,0,0,0,-1,-1,11043,0,1,0,2,1
0,0,3,1,0,0,0,0,-1,-1,7461,0,5,-1,2,1
0,0,2,1,0,0,-1,-1,1,0,118262,0,0,0,8,1
0,0,2,1,0,0,0,0,0,0,45152,0,0,0,8,1
0,0,2,0,0,0,0,0,0,0,457321,0,1,0,5,1
0,0,2,1,0,0,-1,-1,1,0,118069,0,0,0,8,1
0,0,2,1,0,0,0,0,-1,0,323,0,0,-1,4,1
0,0,1,0,0,0,0,0,1,0,3742,1,17,1,0,1
0,0,1,0,0,0,0,0,1,0,3742,1,17,1,0,1
0,0,1,0,0,0,0,0,1,0,3456,0,0,0,7,1
0,0,3,1,0,1,0,0,-1,0,323,0,2,-1,2,1
0,0,2,1,0,0,0,0,-1,-1,579,0,10,-1,0,1
0,0,3,1,0,1,0,0,-1,0,323,0,13,-1,1,1
0,0,2,0,0,0,-1,-1,1,0,118313,0,0,0,8,1
0,0,1,0,0,0,0,0,1,0,78766,1,13,1,0,1
0,0,1,0,0,0,0,0,0,0,6332,0,1,-1,6,1
0,0,2,0,0,0,-1,-1,1,0,118342,0,0,0,8,1
0,0,1,0,0,0,0,0,1,0,3456,0,0,0,7,1
0,0,1,0,0,0,0,0,1,0,3456,0,0,0,7,1
0,0,2,0,0,0,0,0,0,0,453222,0,1,0,5,1
0,0,1,0,0,0,0,0,-1,-1,7397,1,13,1,0,1
0,0,2,0,0,0,0,0,-1,-1,165,0,11,1,0,1
0,0,1,0,0,0,0,0,1,0,25238,1,2,1,0,1
0,0,1,1,0,0,0,0,1,0,1845,1,22,1,0,1
0,0,2,0,0,0,0,0,1,0,2521,0,16,1,0,1
0,0,2,0,0,0,0,0,0,0,23032,0,16,1,0,1
0,0,2,1,0,0,0,0,1,0,21994,0,14,1,0,1
0,0,2,1,0,0,0,0,1,0,22446,0,17,1,0,1
0,0,2,0,0,0,0,0,0,0,21395,0,18,1,0,1
0,0,2,1,0,0,0,0,1,0,21265,0,16,1,0,1
0,0,2,1,1,0,0,0,-1,0,761,0,15,1,0,1
0,0,2,1,1,0,0,0,-1,0,761,0,13,1,0,1
0,0,2,1,0,0,0,0,-1,0,761,0,15,1,0,1
0,0,2,1,0,0,0,0,-1,0,761,0,14,1,0,1
0,0,4,1,0,0,0,0,-1,-1,2036381,0,0,0,0,1
0,0,8,0,1,0,0,0,-1,-1,7413,0,11,-1,0,1
0,0,5,1,2,0,-1,-1,1,0,33556,0,8,-1,2,1
0,0,2,1,0,0,0,0,1,0,42102,0,11,0,0,1
0,0,1,1,0,0,0,0,1,0,47092,1,17,1,0,1
0,0,2,0,0,0,0,0,1,0,32268,0,6,-1,2,1
0,0,5,0,0,0,0,0,1,0,8436,0,6,0,0,1
0,0,3,1,0,0,0,0,1,0,6743,0,16,1,0,1
0,0,3,1,0,0,0,0,1,0,6743,0,18,1,0,1
0,0,1,1,0,0,0,0,1,0,290501,1,13,-1,0,1
0,0,3,0,0,0,0,0,1,0,107840,0,1,0,0,1
0,0,1,0,0,0,0,0,1,0,3742,1,16,-1,0,1
0,0,3,1,0,0,0,0,1,0,3742,0,13,1,0,1
0,0,3,0,0,0,0,0,-1,-1,691576,0,5,0,2,1
0,0,3,0,0,0,0,0,-1,-1,316347,0,13,1,0,1
0,0,1,0,0,0,0,0,1,0,8733,0,0,-1,4,1
0,0,2,1,0,0,0,0,-1,-1,3946,0,16,1,0,1
0,0,2,0,0,0,0,0,1,0,8826,0,17,0,0,1
0,0,2,0,0,0,0,0,1,0,130046,0,13,1,0,1
0,0,2,0,0,0,0,0,1,0,110531,0,13,1,0,1
0,0,1,1,0,0,0,0,-1,0,3549,1,20,1,0,1
0,0,3,0,0,1,0,0,-1,0,349,0,4,-1,0,1
0,0,3,1,0,0,0,0,-1,0,359,0,0,-1,0,1
0,0,1,1,0,0,0,0,-1,0,3557,1,19,1,0,1
0,0,1,0,0,0,0,0,-1,0,728,0,1,0,6,1
0,0,3,1,0,0,0,0,1,0,6594,0,17,1,0,1
0,0,3,1,0,0,0,0,-1,-1,262,0,10,-1,0,1
0,0,4,0,0,0,0,0,0,0,103,0,2,0,0,1
0,0,2,1,0,0,0,0,0,0,53375,0,0,0,8,1
0,0,2,1,0,0,-1,-1,1,0,118242,0,0,0,8,1
0,0,2,0,0,0,-1,-1,1,0,118339,0,0,0,8,1
0,0,1,1,0,0,0,0,1,0,61156,0,3,0,4,1
0,0,2,0,0,0,0,0,0,0,449549,0,1,0,5,1
0,0,1,0,0,0,0,0,1,0,449549,0,3,1,5,1
0,0,1,0,0,0,0,0,1,0,449443,0,3,1,5,1
0,0,2,0,0,0,0,0,0,0,449443,0,1,0,5,1
0,0,2,0,0,0,0,0,0,0,44400,0,0,0,8,1
0,0,1,0,1,0,0,0,1,0,5037,0,0,-1,4,1
0,0,2,1,0,0,0,0,0,0,9755,0,3,0,0,1
0,0,2,0,0,0,-1,-1,1,0,119433,0,0,0,8,1
0,0,2,0,0,0,-1,-1,1,0,118346,0,0,0,8,1
0,0,8,0,1,0,0,0,-1,-1,7413,0,11,-1,0,1
0,0,6,1,0,0,0,0,-1,0,167,0,-1,0,0,1
0,0,2,0,0,0,0,0,1,0,19876,1,18,1,0,1
0,0,3,0,0,0,0,0,-1,-1,190,0,2,0,2,1
0,0,3,1,0,1,0,0,1,0,102,0,5,-1,2,1
0,0,3,1,0,0,0,0,1,0,3742,0,16,1,0,1
0,0,1,0,0,0,0,0,1,0,449447,0,3,1,5,1
0,0,2,0,0,0,0,0,0,0,449447,0,1,0,5,1
0,0,2,1,0,0,0,0,0,0,44899,0,0,0,8,1
0,0,2,0,0,0,0,0,0,0,9901,0,2,0,4,1
0,0,1,0,0,0,0,0,1,0,117,0,15,1,0,1
0,0,1,0,0,0,0,0,1,0,42982,0,0,1,5,1
0,0,5,0,1,0,0,0,-1,-1,265,0,12,-1,0,1
0,0,3,0,0,0,0,0,-1,0,32485,0,1,0,0,1
0,0,3,0,0,0,0,0,-1,-1,7421,0,4,0,0,1
0,0,1,0,0,0,0,0,1,0,5622,1,13,1,0,1
0,0,1,1,0,0,0,0,1,0,65401,1,13,1,0,1
0,0,1,1,0,0,0,0,1,0,65401,1,14,1,0,1
0,0,1,0,0,0,0,0,0,0,103363,0,13,1,0,1
0,0,2,1,0,0,0,0,1,0,276016,0,15,-1,0,1
0,0,1,0,0,0,0,0,1,0,3456,0,0,0,7,1
0,0,3,0,0,0,0,0,-1,0,832,0,14,-1,0,1
0,0,2,1,0,0,0,0,1,0,1649,0,11,1,0,1
0,0,2,0,0,0,0,0,-1,-1,7451,0,16,1,0,1
0,0,1,0,0,0,0,0,1,0,13235,0,0,-1,2,1
0,0,1,0,0,0,0,0,1,0,13298,0,2,-1,8,1
0,0,2,1,0,0,0,0,-1,0,2214,0,15,1,0,1
0,0,2,1,0,0,0,0,-1,0,2214,0,13,1,0,1
0,0,2,1,1,0,0,0,-1,0,722,0,16,1,0,1
0,0,2,1,1,0,0,0,-1,0,722,0,14,1,0,1
0,0,2,1,0,0,0,0,1,0,217,0,14,1,0,1
0,0,2,1,0,0,0,0,1,0,217,0,13,1,0,1
0,0,1,0,0,0,0,0,1,0,9511,1,18,1,0,1
0,0,1,1,0,0,0,0,1,0,8604,0,0,-1,4,1
0,0,3,1,0,0,0,0,1,0,6397,0,4,-1,0,1
0,0,1,1,0,0,0,0,1,0,8733,0,0,-1,4,1
0,0,1,1,0,0,0,0,1,0,8733,0,0,-1,4,1
0,0,3,0,0,0,0,0,1,0,29476,0,3,0,4,1
0,0,3,1,0,0,0,0,1,0,691071,0,17,1,0,1
0,0,3,1,0,0,0,0,1,0,8115,0,17,1,0,1
0,0,3,0,0,1,-1,-1,1,0,24015,0,12,0,0,1
0,0,2,1,0,0,0,0,1,0,6984,0,2,-1,0,1
0,0,1,1,0,0,0,0,-1,-1,7427,1,19,1,0,1
0,0,2,0,0,0,0,0,1,0,92677,0,0,0,8,1
0,0,3,1,0,0,0,0,1,0,3742,0,15,1,0,1
0,0,3,1,0,0,0,0,1,0,6725,0,10,0,2,1
0,0,3,1,0,0,0,0,1,0,6737,0,16,1,0,1
0,0,3,1,0,0,0,0,1,0,6397,0,4,-1,0,1
0,0,2,1,0,0,0,0,1,0,48294,0,19,1,0,1
0,0,2,0,0,1,0,0,1,0,3742,0,9,0,2,1
0,0,3,0,0,0,0,0,1,0,17044,0,16,1,0,1
0,0,3,1,2,0,0,0,1,0,241286,1,19,1,0,1
0,0,2,1,2,0,0,0,1,0,241286,1,24,1,0,1
0,0,2,0,0,0,0,0,1,0,3742,0,16,1,0,1
0,0,3,0,0,0,0,0,-1,-1,1002851,0,5,0,2,1
0,0,3,1,0,0,0,0,-1,-1,796375,0,19,1,0,1
0,0,3,0,0,0,0,0,-1,-1,316339,0,14,1,0,1
0,0,1,0,0,0,0,0,-1,-1,29021,0,13,0,0,1
0,0,4,0,0,1,-1,-1,1,0,45507,0,7,-1,0,1
0,0,3,0,0,0,0,0,-1,-1,188,0,2,0,2,1
0,0,1,0,0,0,0,0,-1,-1,1852,1,20,1,0,1
0,0,1,0,0,0,0,0,1,0,3456,0,0,0,7,1
0,0,1,1,0,0,0,0,1,0,227924,0,16,1,2,1
0,0,2,0,0,1,0,0,-1,-1,213,0,9,-1,0,1
0,0,6,0,1,0,0,0,1,0,67586,0,16,-1,0,1
0,0,3,0,0,0,0,0,1,0,126,0,10,-1,1,1
0,0,6,0,1,0,0,0,1,0,67586,0,17,1,0,1
0,0,5,0,0,0,0,0,-1,-1,467,0,17,1,0,1
0,0,6,0,1,0,0,0,1,0,67586,0,16,-1,0,1
0,0,6,0,1,0,0,0,1,0,67586,0,16,-1,0,1
0,0,6,0,1,0,0,0,1,0,67586,0,15,-1,0,1
0,0,6,0,1,0,0,0,1,0,67586,0,16,1,0,1
0,0,6,0,1,0,0,0,1,0,67586,0,16,-1,0,1
0,0,5,0,1,0,0,0,1,0,67586,0,13,-1,0,1
0,0,5,0,1,0,0,0,1,0,67586,0,15,-1,0,1
0,0,5,0,1,0,0,0,1,0,67586,0,14,-1,0,1
0,0,5,0,1,0,0,0,1,0,67586,0,16,-1,0,1
0,0,5,0,1,0,0,0,1,0,67586,0,11,-1,0,1
0,0,5,0,1,0,0,0,1,0,67586,0,16,-1,0,1
0,0,5,0,1,0,0,0,1,0,67586,0,14,-1,0,1
0,0,5,0,1,0,0,0,1,0,67586,0,17,-1,0,1
0,0,6,0,1,0,0,0,1,0,67586,0,16,-1,0,1
0,0,6,0,1,0,0,0,1,0,67586,0,16,-1,0,1
0,0,6,0,1,0,0,0,1,0,67586,0,16,1,0,1
0,0,6,0,1,0,0,0,1,0,67586,0,15,1,0,1
0,0,6,0,1,0,0,0,1,0,67586,0,14,-1,0,1
0,0,6,0,1,0,0,0,1,0,67586,0,15,-1,0,1
0,0,6,0,1,0,0,0,1,0,67586,0,17,1,0,1
0,0,6,0,1,0,0,0,1,0,67586,0,16,1,0,1
0,0,5,0,1,0,0,0,1,0,67586,0,18,1,0,1
0,0,5,0,1,0,0,0,1,0,67586,0,16,-1,0,1
0,0,5,0,1,0,0,0,1,0,67586,0,17,-1,0,1
0,0,5,0,1,0,0,0,1,0,67586,0,12,-1,0,1
0,0,5,0,1,0,0,0,1,0,67586,0,16,-1,0,1
0,0,1,0,0,0,0,0,1,0,101066,0,1,0,6,1
0,0,1,1,0,0,0,0,-1,-1,1283,0,18,1,0,1
0,0,2,0,0,0,0,0,0,0,13808,0,1,0,4,1
0,0,2,0,0,0,0,0,-1,-1,731,0,1,0,0,1
0,0,2,0,0,0,0,0,-1,-1,731,0,1,0,0,1
0,0,2,0,1,0,0,0,1,0,9865,1,13,-1,0,1
0,0,2,0,1,0,0,0,1,0,9865,1,16,-1,0,1
0,0,1,0,0,0,0,0,1,0,16233,0,20,1,0,1
0,0,2,0,0,0,0,0,1,0,8790,0,5,-1,0,1
0,0,1,1,0,0,0,0,0,0,103010,0,3,0,3,1
0,0,3,0,0,0,0,0,0,0,64588,0,0,0,3,1
0,0,1,1,0,0,0,0,-1,-1,7388,1,13,1,0,1
0,0,3,1,0,0,0,0,-1,0,105,0,11,0,0,1
0,0,2,1,0,0,0,0,0,0,53626,1,6,-1,0,1
0,0,1,0,0,0,0,0,-1,0,1585,0,7,-1,4,1
0,0,1,0,0,0,0,0,0,0,6332,0,1,-1,6,1
0,0,2,0,1,0,0,0,1,0,9865,1,15,-1,0,1
0,0,1,0,0,0,0,0,-1,-1,7407,1,18,1,0,1
0,0,1,0,0,0,0,0,1,0,50400,1,18,1,0,1
0,0,1,0,0,0,0,0,1,0,50400,1,18,1,0,1
0,0,1,0,0,0,0,0,1,0,46225,1,20,1,0,1
0,0,1,0,0,0,0,0,1,0,46225,1,20,1,0,1
0,0,5,1,0,0,0,0,1,0,6725,0,10,0,2,1
0,0,1,1,0,0,0,0,1,0,3742,1,14,1,0,1
0,0,1,0,1,0,0,0,1,0,5045,0,0,-1,4,1
0,0,1,0,0,0,0,0,0,0,69837,0,15,1,0,1
0,0,1,0,0,0,0,0,1,0,449447,0,3,1,5,1
0,0,2,0,0,0,0,0,0,0,449447,0,1,0,5,1
0,0,1,1,0,0,0,0,1,0,15771,1,14,1,0,1
0,0,2,1,0,0,0,0,1,0,18874,0,12,1,0,1
0,0,1,1,0,0,0,0,-1,-1,397,1,14,1,0,1
0,0,4,0,0,0,0,0,-1,-1,467,0,18,1,0,1
0,0,4,0,0,0,0,0,-1,-1,467,0,18,1,0,1
0,0,2,1,0,0,0,0,1,0,29010,0,15,1,0,1
0,0,4,0,0,0,0,0,-1,-1,467,0,18,1,0,1
0,0,2,1,0,0,0,0,1,0,200240,0,13,1,0,1
0,0,2,1,0,0,0,0,1,0,200240,0,14,1,0,1
0,0,2,1,0,0,0,0,-1,0,27591,0,15,1,0,1
0,0,2,1,0,0,0,0,-1,0,27591,0,14,1,0,1
0,0,4,1,1,0,0,0,-1,0,10723,0,9,0,2,1
0,0,4,1,1,0,0,0,1,0,10805,0,17,0,0,1
0,0,3,1,0,0,-1,-1,1,0,18414,0,15,1,0,1
0,0,2,1,2,0,-1,-1,1,0,40183,0,4,1,0,1
0,0,1,1,0,0,0,0,1,0,53988,0,9,-1,0,1
0,0,3,1,0,0,0,0,1,0,241203,0,19,1,0,1
0,0,1,1,2,0,0,0,-1,-1,5395,0,11,-1,2,1
0,0,1,1,2,0,0,0,-1,-1,5391,0,11,-1,2,1
0,0,3,1,0,0,0,0,1,0,796452,0,19,1,0,1
0,0,3,1,0,0,0,0,-1,-1,122193,0,10,0,2,1
0,0,3,1,0,0,0,0,1,0,730563,0,19,1,0,1
0,0,3,0,0,0,0,0,-1,-1,1002851,0,5,0,2,1
0,0,3,1,0,0,0,0,1,0,796449,0,18,1,0,1
0,0,3,1,0,0,0,0,-1,-1,690982,0,19,1,0,1
0,0,3,1,0,0,0,0,1,0,796464,0,18,1,0,1
0,0,3,1,0,0,0,0,-1,-1,363095,0,17,1,0,1
0,0,3,1,0,0,0,0,1,0,730578,0,19,1,0,1
0,0,2,1,1,0,0,0,1,0,5813,1,17,-1,0,1
0,0,1,1,0,0,0,0,1,0,8736,0,0,-1,4,1
0,0,2,1,0,0,0,0,1,0,1985,0,10,-1,0,1
0,0,1,1,0,0,0,0,1,0,1581,0,16,1,0,1
0,0,1,0,0,0,0,0,1,0,12140,0,18,1,0,1
0,0,1,0,0,0,0,0,1,0,12140,0,18,1,0,1
0,0,1,0,0,0,0,0,1,0,3456,0,0,0,7,1
0,0,1,0,0,0,0,0,1,0,8996,0,0,0,4,1
0,0,2,0,0,0,0,0,-1,0,833,0,17,1,0,1
0,0,2,1,0,0,0,0,-1,0,837,0,16,1,0,1
0,0,1,0,1,0,0,0,-1,-1,7423,1,14,-1,0,1
0,0,2,0,0,0,0,0,-1,0,837,0,15,1,0,1
0,0,3,0,0,0,0,0,-1,-1,191,0,2,0,2,1
0,0,3,0,0,0,0,0,-1,-1,191,0,2,0,2,1
0,0,3,1,0,0,0,0,1,0,10307,0,10,-1,0,1
0,0,3,1,0,0,0,0,-1,-1,52187,1,16,1,0,1
0,0,4,1,0,0,0,0,-1,-1,9,1,16,1,0,1
0,0,3,1,0,0,0,0,0,0,46432,0,0,0,8,1
0,0,3,1,0,1,0,0,-1,0,104,0,5,-1,2,1
0,0,1,0,0,0,0,0,1,0,3456,0,0,0,7,1
0,0,2,0,0,0,-1,-1,1,0,118415,0,0,0,8,1
0,0,3,1,0,0,0,0,1,0,94332,0,0,0,8,1
0,0,2,0,0,0,-1,-1,1,0,118023,0,0,0,8,1
0,0,2,0,0,0,-1,-1,1,0,117955,0,0,0,8,1
0,0,2,0,0,0,0,0,1,0,10325,0,1,0,4,1
0,0,3,0,0,0,0,0,-1,0,841,0,4,0,0,1
0,0,5,1,0,0,0,0,1,0,11550,0,1,-1,3,1
0,0,3,1,0,0,0,0,1,0,3553,0,15,1,0,1
0,0,3,1,0,0,0,0,1,0,8053,0,16,1,0,1
0,0,3,1,0,0,0,0,1,0,8053,0,16,1,0,1
0,0,1,0,0,0,0,0,1,0,340579,0,0,0,1,1
0,0,3,0,0,1,0,0,1,0,44796,0,2,0,2,1
0,0,1,0,0,0,0,0,1,0,340579,0,8,-1,0,1
0,0,2,1,0,0,0,0,-1,-1,7124,0,12,0,0,1
0,0,3,1,0,1,0,0,1,0,10825,0,6,0,2,1
0,0,2,1,0,0,0,0,1,0,20713,0,16,1,0,1
0,0,1,0,0,0,0,0,1,0,9422,1,16,-1,0,1
0,0,1,1,2,0,0,0,-1,-1,5389,0,11,-1,2,1
0,0,3,1,0,0,0,0,1,0,730563,0,20,1,0,1
0,0,3,1,0,0,0,0,1,0,730557,0,19,1,0,1
0,0,3,1,0,0,0,0,1,0,730569,0,21,1,0,1
0,0,2,1,0,0,0,0,1,0,40132,0,7,0,0,1
0,0,2,0,0,0,0,0,-1,-1,477,1,13,1,0,1
0,0,2,0,0,0,-1,-1,1,0,118141,0,0,0,8,1
0,0,1,1,0,0,0,0,-1,0,953,1,0,-1,0,1
0,0,1,0,0,0,0,0,1,0,11214,1,10,-1,0,1
0,0,1,0,0,0,0,0,1,0,42982,0,0,1,5,1
0,0,3,0,0,0,0,0,-1,-1,190,0,2,0,2,1
0,0,2,1,0,0,0,0,-1,-1,2529,1,2,-1,0,1
0,0,4,1,2,0,0,0,1,0,6132,0,10,-1,0,1
0,0,3,1,0,0,0,0,0,0,45188,0,0,0,8,1
0,0,1,0,0,0,0,0,0,0,4754,0,0,-1,8,1
0,0,1,0,0,0,0,0,1,0,5027,0,0,-1,4,1
0,0,5,1,0,0,0,0,-1,-1,444095,0,12,0,0,1
0,0,2,0,0,0,-1,-1,1,0,118150,0,0,0,8,1
0,0,2,0,0,0,-1,-1,1,0,118453,0,0,0,8,1
0,0,1,0,0,0,0,0,1,0,6722,0,7,-1,4,1
0,0,1,0,0,0,0,0,1,0,17667,1,19,1,0,1
0,0,1,1,0,0,0,0,1,0,12200,1,18,1,0,1
0,0,2,0,0,0,0,0,1,0,1022,1,20,1,0,1
0,0,1,0,0,0,0,0,1,0,1022,1,20,1,0,1
0,0,2,1,1,0,0,0,1,0,5813,1,18,-1,0,1
0,0,1,0,0,0,0,0,1,0,42982,0,0,1,5,1
0,0,1,0,0,0,0,0,-1,-1,601,0,14,1,0,1
0,0,1,1,0,0,0,0,1,0,12200,1,18,1,0,1
0,0,1,0,0,0,0,0,0,0,32248,0,3,-1,2,1
0,0,1,1,0,0,0,0,1,0,3742,1,15,1,0,1
0,0,1,1,0,0,0,0,1,0,3742,1,15,1,0,1
0,0,1,1,0,0,0,0,1,0,3742,1,14,1,0,1
0,0,1,1,0,0,0,0,1,0,3742,1,14,1,0,1
0,0,2,0,0,0,0,0,1,0,4538,1,12,1,0,1
0,0,4,1,0,0,0,0,1,0,8053,0,16,1,0,1
0,0,2,0,1,0,0,0,1,0,5813,1,20,1,0,1
0,0,1,0,0,0,0,0,1,0,4918,1,14,1,0,1
0,0,1,0,0,0,0,0,0,0,20626,0,1,0,4,1
0,0,1,0,0,0,0,0,1,0,2552,0,12,1,0,1
0,0,1,0,0,0,0,0,1,0,33795,0,11,0,0,1
0,0,3,1,0,0,0,0,-1,-1,18283,0,15,1,0,1
0,0,2,1,0,0,0,0,1,0,55993,0,0,0,8,1
0,0,1,1,0,0,0,0,-1,0,29281,1,16,1,0,1
0,0,2,0,0,0,0,0,1,0,2309,0,9,0,0,1
0,0,2,0,0,0,0,0,1,0,2309,0,9,0,0,1
0,0,2,0,0,0,0,0,1,0,2309,0,13,0,0,1
0,0,3,0,0,0,0,0,-1,0,881,0,10,0,0,1
0,0,3,0,0,0,0,0,-1,0,844,0,10,0,0,1
0,0,2,0,0,0,0,0,-1,0,1820,0,14,1,0,1
0,0,2,0,0,0,0,0,-1,0,1820,0,14,1,0,1
0,0,3,0,0,0,0,0,1,0,3574,0,16,1,0,1
0,0,3,1,0,0,0,0,1,0,3536,0,16,1,0,1
0,0,2,1,0,0,0,0,1,0,3742,0,12,1,0,1
0,0,1,0,0,0,0,0,1,0,6314,0,11,-1,0,1
0,0,3,1,0,0,0,0,1,0,6743,0,17,1,0,1
0,0,1,1,0,0,0,0,1,0,6348,0,10,-1,0,1
0,0,2,0,0,0,0,0,1,0,14839,0,12,-1,0,1
0,0,3,1,0,0,0,0,-1,-1,1008365,0,10,0,2,1
0,0,2,0,0,0,0,0,-1,0,836,1,6,1,0,1
0,0,1,0,0,0,0,0,1,0,3456,0,0,0,7,1
0,0,2,0,0,0,0,0,-1,-1,7409,0,11,1,0,1
0,0,1,0,0,0,0,0,1,0,122693,1,13,1,0,1
0,0,2,0,0,0,0,0,-1,0,835,1,6,1,0,1
0,0,5,1,0,0,0,0,-1,0,540,0,0,0,8,1
0,0,1,0,0,0,0,0,1,0,29361,0,0,0,7,1
0,0,2,1,0,0,-1,-1,1,0,118151,0,0,0,8,1
0,0,2,0,0,0,-1,-1,1,0,118175,0,0,0,8,1
0,0,2,0,0,0,0,0,-1,0,837,0,11,1,0,1
0,0,2,0,0,0,-1,-1,1,0,118025,0,0,0,8,1
0,0,2,0,0,0,0,0,-1,0,828,0,12,1,0,1
0,0,1,0,0,0,0,0,-1,-1,564,0,4,0,3,1
0,0,2,0,0,0,0,0,1,0,2521,0,12,1,0,1
0,0,1,0,0,0,0,0,1,0,3456,0,0,0,7,1
0,0,2,0,0,0,0,0,0,0,377,0,11,-1,0,1
0,0,2,0,0,0,0,0,1,0,39514,0,18,1,0,1
0,0,2,1,0,0,0,0,1,0,44115,0,0,0,8,1
0,0,2,0,0,0,-1,-1,1,0,118375,0,0,0,8,1
0,0,2,0,0,0,0,0,-1,0,197463,1,19,1,0,1
0,0,5,0,0,0,0,0,-1,0,197463,1,19,1,0,1
0,0,2,0,0,0,0,0,-1,0,197463,1,19,1,0,1
0,0,2,0,1,0,0,0,1,0,9788,1,12,-1,0,1
0,0,1,0,0,0,0,0,-1,-1,5195,0,18,1,0,1
0,0,2,1,0,0,0,0,1,0,9403,1,11,-1,0,1
0,0,2,1,0,0,0,0,1,0,9407,1,11,-1,0,1
0,0,2,1,0,0,0,0,1,0,9407,1,11,-1,0,1
0,0,1,0,0,0,0,0,1,0,6722,0,7,-1,4,1
0,0,2,1,0,0,0,0,1,0,45174,0,0,0,8,1
0,0,1,0,0,0,0,0,0,0,20626,0,1,0,4,1
0,0,2,1,1,0,-1,-1,1,0,118442,0,0,0,8,1
0,0,2,1,0,0,-1,-1,1,0,118327,0,0,0,8,1
0,0,2,1,0,0,0,0,1,0,38401,1,10,-1,0,1
0,0,2,1,1,0,0,0,-1,0,713,0,15,1,0,1
0,0,2,1,1,0,0,0,-1,0,713,0,14,1,0,1
0,0,3,0,0,0,0,0,1,0,10215,0,3,-1,0,1
0,0,1,0,0,0,0,0,1,0,10837,0,0,1,0,1
0,0,1,0,0,0,0,0,-1,-1,7417,1,12,-1,0,1
0,0,2,0,1,0,0,0,1,0,21843,0,11,-1,0,1
0,0,2,1,0,0,0,0,1,0,3742,0,12,1,0,1
0,0,3,0,0,0,0,0,1,0,79069,0,-1,1,0,1
0,0,3,1,1,0,0,0,-1,-1,45329,0,20,1,0,1
0,0,3,0,0,0,0,0,1,0,796448,1,17,1,0,1
0,0,3,1,1,0,0,0,-1,-1,45329,0,19,1,0,1
0,0,2,0,0,0,0,0,-1,0,832,0,12,0,0,1
0,0,1,0,0,0,0,0,1,0,1000,1,10,-1,0,1
0,0,1,0,0,0,0,0,1,0,1000,1,10,-1,0,1
0,0,3,0,0,0,0,0,1,0,3573,0,17,1,0,1
0,0,5,0,0,0,0,0,-1,0,388,0,0,0,8,1
0,0,1,0,0,0,0,0,1,0,42982,0,0,1,5,1
0,0,1,0,0,0,0,0,1,0,3742,0,2,-1,5,1
0,0,1,0,0,0,0,0,1,0,69284,0,0,0,0,1
0,0,3,0,0,0,0,0,-1,-1,355567,0,16,1,0,1
0,0,2,0,0,0,0,0,1,0,1494,0,13,1,0,1
0,0,2,0,0,0,0,0,1,0,1494,0,12,1,0,1
0,0,1,0,0,0,0,0,1,0,101131,0,1,0,6,1
0,0,2,0,0,0,0,0,1,0,3742,0,11,-1,0,1
0,0,3,0,0,0,0,0,1,0,3600,0,18,1,0,1
0,0,2,0,0,0,0,0,-1,0,828,0,12,1,0,1
0,0,2,0,0,0,0,0,-1,0,829,0,13,1,0,1
0,0,2,1,1,0,-1,-1,1,0,118241,0,0,0,8,1
0,0,2,0,0,0,0,0,-1,0,830,0,12,1,0,1
0,0,1,0,0,0,0,0,-1,-1,126,0,16,1,0,1
0,0,2,0,0,1,0,0,-1,-1,126,0,17,1,0,1
0,0,2,0,0,0,0,0,-1,0,828,0,13,1,0,1
0,0,2,1,1,0,-1,-1,1,0,118106,0,0,0,8,1
0,0,2,0,0,0,0,0,1,0,92773,0,0,0,8,1
0,0,2,0,0,0,0,0,-1,0,828,0,12,1,0,1
0,0,2,0,0,0,0,0,0,0,9901,0,2,0,4,1
0,0,2,0,0,0,0,0,0,0,9901,0,2,0,4,1
0,0,2,0,0,0,0,0,0,0,9901,0,2,0,4,1
0,0,1,0,0,0,0,0,1,0,2804,0,0,0,4,1
0,0,3,0,0,0,0,0,-1,-1,2899,0,5,0,0,1
0,0,2,0,0,0,0,0,-1,-1,2899,0,5,0,0,1
0,0,2,0,0,0,-1,-1,1,0,118293,0,0,0,8,1
0,0,2,1,0,0,0,0,1,0,92637,0,0,0,8,1
0,0,2,0,0,0,0,0,1,0,3742,1,11,-1,0,1
0,0,2,0,0,0,0,0,1,0,3742,1,11,-1,0,1
0,0,4,1,0,0,0,0,-1,-1,17862,0,3,0,0,1
0,0,3,0,0,0,0,0,-1,-1,7413,0,11,-1,0,1
0,0,2,1,1,0,0,0,-1,0,722,0,15,1,0,1
0,0,2,1,1,0,0,0,-1,0,722,0,15,1,0,1
0,0,2,1,1,0,0,0,-1,0,722,0,15,1,0,1
0,0,2,1,1,0,0,0,-1,0,722,0,15,1,0,1
0,0,2,1,1,0,0,0,-1,0,722,0,16,1,0,1
0,0,2,1,1,0,0,0,-1,0,722,0,13,1,0,1
0,0,2,1,1,0,0,0,-1,0,722,0,15,1,0,1
0,0,2,1,1,0,0,0,-1,0,722,0,15,1,0,1
0,0,2,1,1,0,0,0,-1,0,722,0,15,1,0,1
0,0,2,1,1,0,0,0,-1,0,722,0,15,1,0,1
0,0,2,0,0,0,0,0,-1,-1,7419,0,11,1,0,1
0,0,1,0,0,0,0,0,1,0,44920,0,7,0,3,1
0,0,1,1,0,0,0,0,1,0,9617,0,9,0,2,1
0,0,3,0,0,0,0,0,1,0,1112081,1,17,1,0,1
0,0,3,1,0,0,0,0,1,0,6734,0,17,1,0,1
0,0,3,1,0,0,0,0,1,0,6756,0,16,1,0,1
0,0,2,1,0,0,0,0,0,0,14016,0,1,0,5,1
0,0,3,1,0,0,0,0,1,0,241550,0,10,0,2,1
0,0,3,1,0,0,0,0,1,0,3742,0,17,1,0,1
0,0,2,1,0,0,0,0,1,0,27186,0,11,-1,0,1
0,0,3,1,0,0,0,0,-1,-1,1123463,0,17,1,0,1
0,0,3,0,0,0,0,0,-1,0,9909,0,16,1,0,1
0,0,5,1,0,0,0,0,-1,-1,117081,0,9,0,0,1
0,0,2,1,0,0,0,0,0,0,9276,0,2,0,0,1
0,0,1,0,0,0,0,0,-1,-1,7389,0,11,-1,0,1
0,0,3,1,0,0,0,0,1,0,3572,0,19,1,0,1
0,0,2,0,0,0,0,0,-1,0,197463,1,19,1,0,1
0,0,2,0,0,0,0,0,1,0,58751,1,12,-1,0,1
0,0,2,0,0,0,0,0,-1,0,838,1,17,1,0,1
0,0,2,0,0,0,0,0,-1,0,838,1,8,1,0,1
0,0,1,0,0,0,0,0,1,0,3742,1,16,1,0,1
0,0,2,1,0,1,0,0,1,0,4352,0,12,0,0,1
0,0,2,0,0,0,0,0,1,0,39078,0,10,1,0,1
0,0,2,0,0,0,0,0,1,0,38257,0,12,1,0,1
0,0,2,1,0,0,0,0,1,0,40188,0,1,0,0,1
0,0,2,0,0,0,0,0,1,0,39156,0,11,1,0,1
0,0,2,0,0,0,0,0,1,0,39234,0,11,1,0,1
0,0,2,0,0,0,0,0,1,0,37732,0,11,1,0,1
0,0,2,0,0,0,0,0,1,0,37477,0,11,1,0,1
0,0,2,0,0,0,0,0,-1,-1,7413,0,17,1,0,1
0,0,2,0,0,0,0,0,-1,-1,7413,0,17,1,0,1
0,0,2,0,0,0,0,0,-1,-1,7413,0,17,1,0,1
0,0,2,0,0,0,0,0,-1,-1,7413,0,17,1,0,1
0,0,1,0,0,0,0,0,-1,-1,7413,0,17,1,0,1
0,0,1,0,0,0,0,0,-1,0,479,1,13,1,0,1
0,0,2,0,1,0,0,0,-1,-1,7413,1,8,-1,0,1
0,0,1,0,0,0,0,0,-1,0,479,1,13,1,0,1
0,0,1,0,0,0,0,0,1,0,101066,0,1,0,6,1
0,0,1,0,0,0,0,0,1,0,17336,0,12,1,0,1
0,0,2,0,0,0,0,0,1,0,36099,0,2,0,6,1
0,0,1,0,0,0,0,0,-1,0,479,1,14,1,0,1
0,0,3,0,0,0,0,0,-1,0,211,0,9,-1,0,1
0,0,4,1,0,0,0,0,1,0,24659,0,8,-1,0,1
0,0,2,0,0,0,0,0,1,0,297,0,15,1,0,1
0,0,2,1,0,0,0,0,1,0,18859,0,12,1,0,1
0,0,1,0,0,0,-1,-1,1,0,218927,1,9,-1,0,1
0,0,2,0,0,0,0,0,1,0,46149,0,0,0,8,1
0,0,1,1,0,0,0,0,1,0,9387,1,11,-1,0,1
0,0,1,0,0,0,0,0,1,0,9017,0,0,0,4,1
0,0,2,1,0,0,0,0,1,0,3742,0,12,-1,0,1
0,0,1,1,0,0,0,0,-1,-1,165,1,19,1,0,1
0,0,1,0,0,0,0,0,1,0,35510,1,14,1,0,1
0,0,1,0,0,0,0,0,1,0,4783,1,12,1,0,1
0,0,2,0,0,0,0,0,1,0,3742,0,11,-1,0,1
0,0,2,0,0,0,0,0,1,0,3742,0,11,-1,0,1
0,0,2,0,0,0,0,0,1,0,17807,1,12,1,0,1
0,0,1,0,1,0,0,0,0,0,4763,0,0,-1,8,1
0,0,1,0,0,0,0,0,0,0,96822,0,11,1,2,1
0,0,1,0,0,0,0,0,0,0,96822,0,11,1,2,1
0,0,2,0,0,0,0,0,1,0,34197,0,0,0,8,1
0,0,2,0,0,0,-1,-1,1,0,118106,0,0,0,8,1
0,0,1,0,0,0,0,0,-1,-1,687,1,13,1,0,1
0,0,2,0,0,0,0,0,1,0,30100,0,14,1,0,1
0,0,2,0,0,0,0,0,0,0,77056,0,17,1,0,1
0,0,2,1,0,0,0,0,1,0,112756,0,15,1,0,1
0,0,2,0,0,0,0,0,1,0,110090,0,17,1,0,1
0,0,2,1,0,0,0,0,1,0,109558,0,14,1,0,1
0,0,2,1,0,0,0,0,1,0,112489,0,17,1,0,1
0,0,2,1,0,0,0,0,1,0,110681,0,17,1,0,1
0,0,2,1,0,0,0,0,1,0,111968,0,17,1,0,1
0,0,2,1,0,0,0,0,1,0,112368,0,13,1,0,1
0,0,2,1,0,0,0,0,1,0,110402,0,18,1,0,1
0,0,3,0,0,0,0,0,1,0,1783,0,-1,1,0,1
0,0,2,1,0,0,0,0,-1,-1,7479,0,19,1,0,1
0,0,1,0,0,0,0,0,1,0,56840,1,17,1,0,1
0,0,1,0,1,0,0,0,-1,-1,7419,0,10,-1,0,1
0,0,3,1,0,0,0,0,1,0,142980,0,18,1,0,1
0,0,3,1,0,0,0,0,1,0,142968,0,16,0,0,1
0,0,3,1,0,0,0,0,1,0,6743,0,16,1,0,1
0,0,2,1,0,0,0,0,1,0,5768,0,9,-1,0,1
0,0,1,1,0,0,0,0,1,0,137988,1,20,1,0,1
0,0,2,0,0,0,0,0,0,0,21392,0,8,-1,4,1
0,0,1,0,0,0,0,0,1,0,70891,1,16,1,0,1
0,0,3,1,0,0,0,0,1,0,796443,0,18,1,0,1
0,0,3,1,0,0,0,0,1,0,796470,0,17,1,0,1
0,0,3,1,0,0,0,0,-1,-1,979216,0,9,0,2,1
0,0,3,0,0,0,0,0,1,0,3742,0,16,1,0,1
0,0,3,1,0,0,0,0,-1,-1,919121,0,14,1,0,1
0,0,3,0,0,0,0,0,1,0,3571,0,16,1,0,1
0,0,2,1,0,0,0,0,1,0,435,0,11,-1,0,1
0,0,2,1,0,0,0,0,1,0,435,0,11,-1,0,1
0,0,1,1,0,0,0,0,-1,-1,165,1,17,1,0,1
0,0,2,0,0,0,0,0,1,0,828,1,6,1,0,1
0,0,2,1,0,0,0,0,1,0,14924,0,1,0,0,1
0,0,3,1,0,0,0,0,-1,-1,70815,0,9,0,2,1
0,0,2,0,0,1,0,0,0,0,189843,0,10,-1,0,1
0,0,5,0,0,0,0,0,-1,0,390,0,0,0,8,1
0,0,1,0,0,0,0,0,1,0,3456,0,0,0,7,1
0,0,1,0,0,0,0,0,1,0,8989,0,0,0,4,1
0,0,2,0,0,0,0,0,1,0,45394,0,0,0,8,1
0,0,2,0,0,0,0,0,-1,-1,7423,1,12,1,0,1
0,0,1,0,0,0,0,0,0,0,282208,0,11,1,0,1
0,0,2,0,0,0,0,0,-1,-1,7405,1,11,1,0,1
0,0,1,1,0,0,0,0,1,0,2552,1,14,1,0,1
0,0,1,1,0,0,0,0,-1,-1,7413,0,12,-1,0,1
0,0,2,1,0,0,0,0,1,0,113856,0,11,1,0,1
0,0,1,0,0,0,0,0,0,0,13839,0,18,1,0,1
0,0,2,1,0,0,0,0,1,0,57632,0,0,0,8,1
0,0,1,0,0,0,0,0,-1,-1,7447,1,16,-1,0,1
0,0,2,0,0,0,0,0,1,0,7249,0,9,-1,1,1
0,0,3,1,0,0,0,0,1,0,4538,0,11,-1,0,1
0,0,4,0,0,0,0,0,1,0,7394,0,0,-1,0,1
0,0,1,0,0,0,0,0,-1,-1,1854,1,15,-1,0,1
0,0,1,0,0,0,0,0,1,0,9404,0,12,1,0,1
0,0,4,0,0,0,0,0,-1,-1,18750,0,13,1,0,1
0,0,3,1,0,0,0,0,-1,-1,18750,0,3,0,0,1
0,0,2,0,0,0,-1,-1,1,0,118058,0,0,0,8,1
0,0,1,1,0,0,0,0,1,0,52,1,15,1,0,1
0,0,3,1,0,0,0,0,1,0,3742,1,7,-1,0,1
0,0,2,1,0,0,-1,-1,1,0,119469,0,0,0,8,1
0,0,1,0,0,0,0,0,0,0,53178,0,18,1,0,1
0,0,2,1,0,0,0,0,1,0,19982,0,15,1,0,1
0,0,2,1,0,0,0,0,1,0,76801,0,13,1,0,1
0,0,2,1,0,0,0,0,0,0,10346,0,2,0,0,1
0,0,2,1,0,0,0,0,1,0,4660,0,8,0,0,1
0,0,2,1,1,0,0,0,-1,0,707,0,15,1,0,1
0,0,2,1,1,0,0,0,-1,0,707,0,15,1,0,1
0,0,2,1,1,0,0,0,-1,0,695,0,16,1,0,1
0,0,2,1,1,0,0,0,-1,0,695,0,15,1,0,1
0,0,2,1,1,0,0,0,-1,0,695,0,15,1,0,1
0,0,2,1,1,0,0,0,-1,0,695,0,15,1,0,1
0,0,3,1,0,0,-1,-1,1,0,15630,0,10,0,2,1
0,0,3,1,0,0,0,0,1,0,142972,0,15,1,0,1
0,0,3,1,0,0,0,0,1,0,142972,0,17,0,0,1
0,0,3,1,0,0,0,0,1,0,142969,0,17,1,0,1
0,0,3,1,0,0,0,0,1,0,6740,0,17,1,0,1
0,0,2,0,0,0,0,0,1,0,20713,0,14,1,0,1
0,0,4,1,0,0,0,0,-1,-1,138246,0,16,0,0,1
0,0,3,1,0,0,0,0,-1,-1,586182,0,10,0,2,1
0,0,3,1,1,0,0,0,-1,-1,547855,0,19,1,0,1
0,0,2,0,0,0,0,0,1,0,18758,1,13,-1,0,1
0,0,3,0,0,0,0,0,-1,0,881,0,10,0,0,1
0,0,1,0,0,0,0,0,-1,0,873,0,2,-1,4,1
0,0,3,0,0,0,0,0,1,0,796457,1,16,1,0,1
0,0,3,1,1,0,0,0,-1,0,19158,0,16,1,0,1
0,0,3,0,0,0,0,0,-1,0,844,0,10,0,0,1
0,0,2,0,0,0,0,0,1,0,13898,1,12,-1,0,1
0,0,3,0,0,0,0,0,1,0,147471,0,9,-1,0,1
0,0,1,1,0,0,0,0,1,0,8315,0,17,1,0,1
0,0,1,0,0,0,0,0,1,0,1388,0,12,1,1,1
0,0,2,0,0,0,0,0,-1,0,831,0,9,0,0,1
0,0,2,0,0,0,0,0,1,0,1320,0,11,1,0,1
0,0,1,0,0,0,0,0,1,0,42982,0,0,1,5,1
0,0,2,1,0,0,0,0,-1,0,343,0,4,-1,0,1
0,0,2,1,0,0,0,0,-1,0,359,0,0,0,0,1
0,0,1,0,0,0,0,0,1,0,133134,1,12,1,0,1
0,0,3,1,0,0,0,0,1,0,1011,0,3,-1,4,1
0,0,3,1,0,0,0,0,-1,-1,410,0,10,0,2,1
0,0,2,0,0,0,0,0,1,0,45014,0,0,0,8,1
0,0,2,1,0,0,0,0,1,0,93845,0,0,0,8,1
0,0,2,0,0,0,0,0,1,0,57075,1,11,1,0,1
0,0,1,0,0,0,0,0,0,0,47648,1,14,-1,0,1
0,0,1,0,0,0,0,0,-1,-1,32559,0,12,-1,0,1
0,0,1,1,0,0,0,0,1,0,3620,1,13,1,0,1
0,0,2,0,0,0,0,0,0,0,104835,0,12,-1,2,1
0,0,4,1,0,0,0,0,1,0,29797,0,15,1,0,1
0,0,1,0,0,0,0,0,0,0,13094,0,0,0,4,1
0,0,3,0,0,0,0,0,1,0,796445,1,17,1,0,1
0,0,3,1,0,0,0,0,1,0,3742,1,6,-1,0,1
0,0,2,0,0,0,0,0,1,0,101207,1,7,1,0,1
0,0,2,0,0,0,0,0,1,0,217537,1,9,1,0,1
0,0,2,0,0,0,0,0,1,0,476588,1,9,1,0,1
0,0,2,1,0,0,-1,-1,1,0,118293,0,0,0,8,1
0,0,1,0,0,0,-1,-1,1,0,118109,0,2,-1,8,1
0,0,2,1,0,0,0,0,0,0,46038,0,0,0,8,1
0,0,2,1,0,0,0,0,0,0,46001,0,0,0,8,1
0,0,2,1,0,0,0,0,0,0,45885,0,0,0,8,1
0,0,2,1,0,0,0,0,0,0,45987,0,0,0,8,1
0,0,1,1,0,0,0,0,-1,-1,22,1,13,1,0,1
0,0,2,0,0,0,0,0,1,0,69240,0,0,0,8,1
0,0,2,1,0,0,0,0,0,0,46095,0,0,0,8,1
0,0,2,1,0,0,0,0,0,0,46002,0,0,0,8,1
0,0,1,0,0,0,0,0,1,0,17718,1,20,1,0,1
0,0,2,0,0,0,0,0,1,0,44740,0,0,0,8,1
0,0,3,0,0,0,0,0,-1,-1,7421,0,4,0,0,1
0,0,2,1,0,0,0,0,0,0,46149,0,0,0,8,1
0,0,2,1,0,0,0,0,0,0,46073,0,0,0,8,1
0,0,2,1,0,0,0,0,0,0,46355,0,0,0,8,1
0,0,1,1,0,0,0,0,1,0,5069,0,0,-1,4,1
0,0,2,1,0,0,0,0,1,0,78315,0,12,1,0,1
0,0,2,0,0,0,0,0,1,0,418808,0,17,1,0,1
0,0,1,0,0,0,0,0,-1,-1,6521,1,13,1,0,1
0,0,1,0,0,0,0,0,-1,-1,6521,1,13,1,0,1
0,0,2,0,0,0,0,0,1,0,3406,0,12,1,0,1
0,0,2,0,0,0,0,0,1,0,3406,0,12,1,0,1
0,0,1,0,0,0,0,0,1,0,1199,0,11,-1,0,1
0,0,1,0,0,0,0,0,1,0,1199,0,11,-1,0,1
0,0,2,1,1,0,0,0,1,0,19797,0,14,-1,0,1
0,0,1,0,0,0,0,0,-1,-1,575,1,23,1,0,1
0,0,3,1,1,0,0,0,1,0,3573,0,17,1,0,1
0,0,2,0,0,0,0,0,0,0,9901,0,2,0,4,1
0,0,2,0,0,0,0,0,0,0,9901,0,2,0,4,1
0,0,2,0,0,0,0,0,0,0,9901,0,2,0,4,1
0,0,2,1,1,0,0,0,1,0,8586,0,17,-1,0,1
0,0,1,1,0,0,0,0,-1,-1,7401,0,11,-1,0,1
0,0,1,1,0,0,0,0,-1,-1,7401,0,11,-1,0,1
0,0,2,0,0,0,-1,-1,1,0,118109,0,0,0,8,1
0,0,2,0,0,0,0,0,1,0,12308,0,17,1,0,1
0,0,1,0,0,0,0,0,1,0,18964,0,11,-1,0,1
0,0,3,1,0,0,-1,-1,-1,0,115979,0,2,-1,0,1
0,0,3,1,0,0,-1,-1,-1,0,115984,0,2,-1,0,1
0,0,2,0,0,0,0,0,0,0,76544,0,16,1,0,1
0,0,2,0,0,0,0,0,-1,0,20682,1,12,1,0,1
0,0,1,0,0,0,0,0,1,0,3946,1,13,1,0,1
0,0,1,0,0,0,0,0,1,0,3946,1,13,1,0,1
0,0,2,0,0,0,0,0,1,0,9292,0,0,-1,3,1
0,0,1,0,0,0,0,0,1,0,5886,0,2,-1,8,1
0,0,1,0,0,0,0,0,0,0,1656,0,11,1,0,1
0,0,2,0,0,0,0,0,0,0,1649,0,9,1,0,1
0,0,2,0,0,0,0,0,1,0,9292,0,0,-1,3,1
0,0,2,0,0,0,0,0,0,0,76720,0,14,1,0,1
0,0,2,0,0,1,-1,-1,1,0,2769,0,1,-1,0,1
0,0,1,0,0,0,0,0,1,0,7932604,1,16,1,0,1
0,0,2,1,0,0,0,0,1,0,31365,0,15,1,0,1
0,0,2,0,0,0,0,0,0,0,9901,0,2,0,4,1
0,0,1,0,0,0,0,0,1,0,5886,0,2,-1,8,1
0,0,1,1,0,0,0,0,1,0,88022,1,13,1,0,1
0,0,3,1,1,0,0,0,-1,-1,7455,1,23,1,0,1
0,0,3,0,0,0,0,0,-1,-1,198,0,2,0,2,1
0,0,3,0,0,0,0,0,-1,-1,197,0,2,0,2,1
0,0,2,1,1,0,0,0,-1,0,743,0,15,1,0,1
0,0,2,1,1,0,0,0,-1,0,743,0,15,1,0,1
0,0,2,1,0,0,0,0,-1,0,752,0,15,1,0,1
0,0,2,1,0,0,0,0,-1,0,752,0,15,1,0,1
0,0,2,1,0,0,0,0,1,0,22201,0,4,-1,2,1
0,0,1,0,0,0,-1,-1,1,0,33019,0,-1,0,0,1
0,0,4,1,0,1,0,0,1,0,5263,0,8,-1,3,1
0,0,2,0,0,1,0,0,1,0,3742,0,0,-1,1,1
0,0,1,0,0,0,0,0,-1,-1,7413,0,12,-1,0,1
0,0,2,0,1,0,0,0,1,0,20713,0,14,1,0,1
0,0,3,0,0,0,0,0,1,0,5084,0,14,0,0,1
0,0,3,0,0,0,0,0,-1,0,92,0,1,-1,2,1
0,0,5,0,0,0,0,0,-1,0,388,0,0,0,8,1
0,0,2,0,0,0,0,0,1,0,7547,1,9,-1,0,1
0,0,2,1,0,0,-1,-1,1,0,118182,0,0,0,8,1
0,0,2,1,0,0,0,0,1,0,25562,0,17,1,0,1
0,0,1,0,0,0,0,0,1,0,101131,0,1,0,6,1
0,0,1,0,0,0,0,0,0,0,11539,0,7,-1,3,1
0,0,4,1,0,0,0,0,1,0,413,1,12,-1,0,1
0,0,1,0,0,0,0,0,-1,-1,7399,0,12,-1,0,1
0,0,2,1,2,0,0,0,1,0,20713,0,12,1,0,1
0,0,2,0,0,0,-1,-1,1,0,5383,0,9,1,0,1
0,0,1,0,0,0,0,0,1,0,1404,0,13,1,0,1
0,0,1,0,0,0,0,0,1,0,1208,0,7,-1,4,1
0,0,1,1,0,0,0,0,1,0,143,0,16,1,2,1
0,0,1,1,0,0,0,0,1,0,143,0,16,1,2,1
0,0,1,0,0,0,0,0,1,0,2552,1,14,-1,0,1
0,0,1,0,0,0,0,0,1,0,2552,1,14,-1,0,1
0,0,2,1,0,0,0,0,1,0,92525,0,0,0,8,1
0,0,2,0,0,0,0,0,-1,-1,132,0,0,0,5,1
0,0,1,0,0,0,0,0,-1,-1,132,0,1,0,5,1
0,0,2,1,0,0,0,0,-1,0,13120,0,13,1,0,1
0,0,2,1,0,0,0,0,-1,0,13120,0,13,1,0,1
0,0,2,1,0,0,0,0,1,0,66056,0,16,1,0,1
0,0,2,0,0,0,0,0,1,0,2521,0,14,1,0,1
0,0,2,0,0,0,0,0,1,0,297,0,16,1,0,1
0,0,2,0,0,0,0,0,1,0,2521,0,14,1,0,1
0,0,2,1,1,0,0,0,1,0,43402,0,0,0,8,1
0,0,1,0,0,0,0,0,-1,-1,165,0,19,-1,0,1
0,0,8,1,0,0,0,0,-1,0,468,0,0,0,8,1
0,0,2,1,0,0,0,0,1,0,127083,0,9,1,0,1
0,0,2,1,0,0,-1,-1,1,0,118309,0,0,0,8,1
0,0,1,0,0,0,0,0,0,0,4759,0,0,-1,8,1
0,0,2,0,0,0,0,0,1,0,122,1,11,-1,0,1
0,0,1,0,0,0,0,0,1,0,3456,0,0,0,7,1
0,0,1,0,0,0,0,0,1,0,3456,0,0,0,7,1
0,0,3,1,0,0,0,0,1,0,78952,0,14,1,0,1
0,0,2,1,0,0,0,0,0,0,45861,0,0,0,8,1
0,0,2,0,0,0,0,0,1,0,18414,1,6,-1,0,1
0,0,1,0,0,0,0,0,0,0,4754,0,0,-1,8,1
0,0,1,1,0,0,0,0,-1,-1,7562,0,10,-1,3,1
0,0,1,1,0,0,0,0,1,0,3742,0,10,-1,3,1
0,0,2,0,0,0,0,0,-1,-1,584,0,11,1,0,1
0,0,2,0,0,0,0,0,1,0,18758,1,16,-1,0,1
0,0,4,1,0,0,0,0,1,0,22201,0,4,-1,2,1
0,0,2,1,0,0,0,0,-1,0,752,0,15,1,0,1
0,0,2,1,0,0,0,0,-1,0,752,0,15,1,0,1
0,0,2,1,0,0,0,0,-1,0,752,0,14,1,0,1
0,0,2,1,0,0,0,0,-1,0,752,0,15,1,0,1
0,0,2,1,0,0,0,0,-1,0,752,0,15,1,0,1
0,0,2,1,0,0,0,0,-1,0,752,0,15,1,0,1
0,0,2,0,0,0,0,0,-1,-1,37689,0,15,1,0,1
0,0,2,0,0,0,0,0,-1,-1,37689,0,13,1,0,1
0,0,2,1,0,0,0,0,-1,0,710,0,14,1,0,1
0,0,4,0,3,0,0,0,-1,-1,7405,0,12,-1,0,1
0,0,2,1,0,0,0,0,1,0,25097,0,0,0,8,1
0,0,2,0,0,0,0,0,1,0,25181,0,0,0,8,1
0,0,2,1,0,0,0,0,1,0,35534,0,0,0,8,1
0,0,3,1,0,0,0,0,-1,-1,738523,0,10,0,2,1
0,0,3,1,0,0,0,0,-1,-1,1232068,0,19,1,0,1
0,0,3,0,0,0,0,0,1,0,1284,0,15,-1,0,1
0,0,2,1,0,0,0,0,-1,-1,476,0,9,0,2,1
0,0,8,1,0,0,0,0,-1,0,468,0,0,0,8,1
0,0,1,0,0,0,0,0,1,0,42982,0,0,1,5,1
0,0,2,1,0,0,0,0,1,0,145271,1,10,1,0,1
0,0,3,0,1,0,0,0,-1,0,515,0,0,0,5,1
0,0,1,0,0,0,0,0,0,0,145243,0,9,1,2,1
0,0,1,0,0,0,0,0,1,0,3456,0,0,0,7,1
0,0,2,1,0,0,0,0,1,0,31400,1,8,1,0,1
0,0,2,1,0,0,0,0,-1,-1,274,1,9,-1,0,1
0,0,3,0,0,0,0,0,-1,-1,198,0,2,0,2,1
0,0,2,0,0,0,0,0,1,0,2503,0,0,0,0,1
0,0,1,1,0,0,0,0,1,0,1649,1,15,1,0,1
0,0,2,0,0,0,-1,-1,1,0,118342,0,0,0,8,1
0,0,2,0,0,0,-1,-1,1,0,118130,0,0,0,8,1
0,0,2,0,0,0,0,0,-1,-1,937,0,6,0,0,1
0,0,1,1,0,0,0,0,-1,-1,52193,1,13,1,0,1
0,0,3,0,0,0,0,0,-1,0,85,0,10,0,0,1
0,0,2,1,0,0,0,0,1,0,4538,0,11,1,0,1
0,0,2,0,0,0,0,0,1,0,3642,0,10,1,0,1
0,0,2,0,0,0,-1,-1,1,0,118165,0,0,0,8,1
0,0,2,1,0,0,0,0,0,0,46264,0,0,0,8,1
0,0,1,0,0,0,0,0,1,0,449858,0,3,1,5,1
0,0,2,0,0,0,0,0,0,0,449858,0,1,0,5,1
0,0,1,0,0,0,0,0,-1,-1,1525,0,1,0,4,1
0,0,2,0,0,0,0,0,-1,-1,7437,0,12,1,0,1
0,0,2,1,0,0,0,0,-1,-1,2704,0,13,1,0,1
0,0,2,1,0,0,0,0,-1,-1,2704,0,12,1,0,1
0,0,2,1,0,0,0,0,-1,0,710,0,14,1,0,1
0,0,2,1,0,0,0,0,-1,0,710,0,14,1,0,1
0,0,3,0,0,0,0,0,0,0,2414,0,2,0,0,1
0,0,3,1,0,0,0,0,1,0,2550,0,2,0,2,1
0,0,3,0,2,0,-1,-1,1,0,32946,0,1,-1,0,1
0,0,1,0,0,0,0,0,1,0,3742,1,18,1,0,1
0,0,3,1,0,0,0,0,1,0,53345,0,16,1,0,1
0,0,5,1,0,0,0,0,1,0,28518,0,7,0,0,1
0,0,3,1,0,0,0,0,1,0,6416,0,12,-1,1,1
0,0,2,0,0,0,0,0,1,0,20713,0,10,1,0,1
0,0,1,0,0,0,0,0,-1,-1,7401,0,11,-1,0,1
0,0,3,1,0,0,0,0,1,0,3573,0,17,1,0,1
0,0,1,0,0,0,0,0,-1,-1,7399,0,11,-1,2,1
0,0,2,1,1,0,0,0,-1,-1,1053,0,9,0,0,1
0,0,1,0,1,0,0,0,0,0,4295,0,3,0,0,1
0,0,1,0,0,0,0,0,1,0,2552,0,13,1,0,1
0,0,2,1,0,0,0,0,0,0,9811,0,1,0,0,1
0,0,3,1,0,0,-1,-1,1,0,15630,0,10,0,2,1
0,0,5,0,0,0,0,0,-1,0,390,0,0,0,8,1
0,0,1,0,0,0,0,0,1,0,101131,0,1,0,6,1
0,0,2,0,0,0,0,0,1,0,2521,0,14,1,0,1
0,0,2,0,0,0,-1,-1,1,0,118197,0,0,0,8,1
0,0,1,1,0,0,0,0,1,0,1649,1,18,1,0,1
0,0,3,0,0,0,0,0,-1,0,467,0,0,0,5,1
0,0,1,0,0,0,0,0,0,0,102170,0,14,-1,0,1
0,0,2,0,0,0,0,0,1,0,81006,1,15,1,0,1
0,0,1,0,0,0,-1,-1,1,0,118302,0,1,0,6,1
0,0,1,0,0,0,0,0,-1,-1,17240,1,15,1,0,1
0,0,5,1,0,0,0,0,1,0,2550,0,2,0,2,1
0,0,2,1,0,0,0,0,1,0,7378,1,12,1,0,1
0,0,1,0,0,0,0,0,-1,-1,2353,1,18,1,0,1
0,0,3,0,0,1,0,0,1,0,64560,0,11,1,0,1
0,0,2,0,0,0,0,0,1,0,122066,0,14,1,0,1
0,0,4,1,1,0,0,0,1,0,10805,0,17,0,0,1
0,0,2,0,0,0,0,0,1,0,123,0,15,1,0,1
0,0,2,1,0,0,0,0,-1,-1,7479,0,19,1,0,1
0,0,2,0,0,0,0,0,1,0,20713,0,12,1,0,1
0,0,2,0,0,0,0,0,1,0,2552,0,15,-1,0,1
0,0,2,0,0,0,0,0,1,0,9117,0,15,1,0,1
0,0,2,0,0,0,0,0,1,0,6133,0,22,1,0,1
0,0,3,0,0,0,0,0,-1,-1,7415,0,14,1,0,1
0,0,1,0,0,0,0,0,-1,-1,1848,1,15,-1,0,1
0,0,2,1,0,0,0,0,1,0,966874,0,3,-1,0,1
0,0,2,1,0,0,0,0,1,0,966872,0,2,-1,0,1
0,0,3,1,0,0,0,0,1,0,2521,0,13,0,0,1
0,0,1,1,0,0,0,0,1,0,6162,1,20,1,0,1
0,0,1,1,0,0,0,0,1,0,7378,1,15,1,0,1
0,0,1,0,0,0,0,0,1,0,123,1,15,1,0,1
0,0,2,1,1,0,0,0,1,0,43424,0,0,0,8,1
0,0,2,1,0,0,0,0,1,0,49653,0,0,0,8,1
0,0,2,0,0,0,0,0,1,0,2521,0,16,1,0,1
0,0,2,0,0,0,0,0,-1,-1,1650,0,18,1,0,1
0,0,2,1,0,0,0,0,-1,0,351,0,0,0,0,1
0,0,1,0,0,0,0,0,1,0,101131,0,1,0,6,1
0,0,1,0,0,0,0,0,0,0,269799,0,13,1,0,1
0,0,3,1,0,0,0,0,1,0,3742,0,6,0,0,1
0,0,4,1,0,0,0,0,1,0,3742,0,16,1,0,1
0,0,2,0,0,0,0,0,1,0,93401,0,0,0,8,1
0,0,2,1,0,0,-1,-1,1,0,119305,0,0,0,8,1
0,0,2,0,0,0,0,0,1,0,44354,0,0,0,8,1
0,0,5,1,0,0,0,0,1,0,92445,0,0,0,5,1
0,0,4,1,0,0,0,0,1,0,32136,0,9,0,2,1
0,0,3,0,0,0,0,0,-1,-1,7409,0,6,-1,1,1
0,0,2,1,0,0,0,0,1,0,858634,0,18,1,0,1
0,0,2,1,0,0,0,0,1,0,9534,1,17,1,0,1
0,0,2,0,0,0,0,0,0,0,76183,0,0,0,8,1
0,0,3,1,0,0,0,0,1,0,385869,0,15,1,0,1
0,0,2,0,0,0,0,0,0,0,49751,1,11,1,0,1
0,0,3,1,0,0,0,0,-1,-1,24313,0,19,1,0,1
0,0,3,1,0,0,0,0,1,0,9219,0,15,1,0,1
0,0,5,1,1,0,0,0,1,0,28429,0,4,0,0,1
0,0,2,0,0,0,0,0,1,0,340579,0,13,-1,0,1
0,0,2,1,0,0,0,0,0,0,9318,0,1,0,0,1
0,0,1,0,0,0,0,0,1,0,3456,0,0,0,7,1
0,0,2,1,0,0,0,0,1,0,10064,0,11,1,0,1
0,0,1,0,0,0,0,0,0,0,5733,0,1,-1,6,1
0,0,3,0,0,0,0,0,-1,-1,7413,0,16,-1,0,1
0,0,3,0,0,0,0,0,-1,-1,7413,0,16,-1,0,1
0,0,3,0,0,0,0,0,0,0,20481,0,6,-1,0,1
0,0,1,1,0,0,0,0,-1,-1,624,1,16,1,0,1
0,0,2,1,0,0,0,0,-1,0,377,0,0,0,0,1
0,0,1,1,0,0,0,0,-1,-1,624,1,17,1,0,1
0,0,2,1,0,0,0,0,0,0,10706,0,2,0,0,1
0,0,2,0,0,0,0,0,1,0,12947,0,2,0,6,1
0,0,1,0,0,0,0,0,1,0,8988,0,0,0,4,1
0,0,1,0,0,0,0,0,1,0,3620,1,20,1,0,1
0,0,2,0,0,0,0,0,0,0,53193,0,10,1,1,1
0,0,1,0,0,0,0,0,1,0,18912,0,19,1,0,1
0,0,1,0,0,0,0,0,1,0,18912,0,19,1,0,1
0,0,2,0,0,0,0,0,1,0,100,0,8,-1,0,1
0,0,1,0,0,0,0,0,-1,0,2589,1,17,1,0,1
0,0,2,1,0,0,0,0,-1,0,848,0,11,1,0,1
0,0,1,0,1,0,0,0,0,0,4757,0,0,-1,8,1
0,0,4,1,0,0,0,0,1,0,571,0,13,1,0,1
0,0,1,0,0,0,0,0,1,0,10283,1,15,1,0,1
0,0,2,0,0,0,-1,-1,1,0,118179,0,0,0,8,1
0,0,2,1,0,0,0,0,0,0,449412,0,1,0,5,1
0,0,1,1,0,0,0,0,-1,0,19439,1,15,1,0,1
0,0,3,0,0,0,0,0,-1,-1,7413,0,16,-1,0,1
0,0,3,0,0,0,0,0,-1,-1,7413,0,16,-1,0,1
0,0,3,0,0,0,0,0,1,0,3578,0,17,1,0,1
0,0,2,1,0,0,0,0,-1,-1,7427,0,17,1,0,1
0,0,2,1,0,0,0,0,-1,-1,7423,0,17,1,0,1
0,0,1,0,0,0,-1,-1,1,0,33019,0,-1,-1,0,1
0,0,1,1,0,0,0,0,-1,0,143,0,14,-1,0,1
0,0,3,0,2,0,0,0,-1,-1,7419,0,2,-1,0,1
0,0,2,1,0,0,0,0,1,0,1464,0,12,1,0,1
0,0,1,0,0,0,0,0,1,0,50826,0,9,-1,0,1
0,0,2,1,0,0,0,0,1,0,53345,0,21,1,0,1
0,0,2,0,0,0,0,0,1,0,578455,0,13,-1,0,1
0,0,2,0,0,0,0,0,1,0,44465,0,10,-1,0,1
0,0,1,0,0,0,0,0,1,0,50826,0,9,-1,0,1
0,0,4,0,0,0,0,0,1,0,6011,0,2,0,3,1
0,0,1,0,0,0,0,0,1,0,44363,1,17,-1,0,1
0,0,3,1,0,0,0,0,1,0,28403,0,10,0,2,1
0,0,5,1,0,0,0,0,1,0,28427,0,8,0,0,1
0,0,5,1,0,0,0,0,1,0,28394,0,2,0,0,1
0,0,5,1,0,0,0,0,1,0,28427,0,2,0,0,1
0,0,5,1,0,0,0,0,1,0,28394,0,3,0,0,1
0,0,5,1,0,0,0,0,1,0,28440,0,9,0,0,1
0,0,5,1,0,0,0,0,1,0,28591,0,9,0,0,1
0,0,5,1,0,0,0,0,1,0,28411,0,7,0,0,1
0,0,5,1,0,0,0,0,1,0,28432,0,2,0,0,1
0,0,5,1,0,0,0,0,1,0,28398,0,10,0,0,1
0,0,5,1,0,0,0,0,1,0,28394,0,3,0,0,1
0,0,2,0,0,0,0,0,-1,-1,7117,0,13,-1,0,1
0,0,3,1,1,0,0,0,1,0,5617,0,14,1,0,1
0,0,3,1,1,0,0,0,1,0,5617,0,15,1,0,1
0,0,3,0,0,0,0,0,-1,-1,1315,0,10,1,0,1
0,0,3,1,0,0,0,0,1,0,9219,0,16,1,0,1
0,0,3,1,0,0,0,0,1,0,4846,0,19,1,0,1
0,0,1,0,0,0,0,0,-1,-1,7405,1,13,-1,0,1
0,0,1,1,0,0,0,0,1,0,7620,1,12,-1,0,1
0,0,3,0,0,0,0,0,1,0,37662,0,5,0,0,1
0,0,4,0,0,0,0,0,1,0,37662,0,5,0,0,1
0,0,2,1,0,0,0,0,-1,0,2701,0,15,-1,0,1
0,0,1,1,0,0,0,0,1,0,16437,0,20,1,0,1
0,0,1,0,0,0,0,0,1,0,16437,0,17,1,0,1
0,0,1,0,0,0,0,0,1,0,16437,0,19,1,0,1
0,0,1,0,0,0,0,0,1,0,16437,0,20,1,0,1
0,0,1,0,0,0,0,0,1,0,16437,0,20,1,0,1
0,0,3,0,0,0,0,0,1,0,3742,0,18,1,0,1
0,0,3,0,0,0,0,0,-1,-1,363095,0,19,1,0,1
0,0,3,1,0,0,0,0,1,0,3742,0,16,1,0,1
0,0,3,0,0,0,-1,-1,1,0,19048,0,2,0,0,1
0,0,1,1,0,0,0,0,1,0,9492,1,20,1,0,1
0,0,2,1,0,0,0,0,1,0,126611,1,16,1,0,1
0,0,3,1,0,0,0,0,1,0,48294,0,20,0,0,1
0,0,1,1,0,0,0,0,1,0,8827,1,20,-1,0,1
0,0,3,0,0,0,0,0,-1,-1,7415,0,14,1,0,1
0,0,3,0,0,0,0,0,-1,-1,7415,0,14,1,0,1
0,0,2,1,0,0,0,0,-1,-1,7455,1,23,1,0,1
0,0,2,1,1,0,0,0,-1,-1,2899,0,5,0,0,1
0,0,1,1,1,0,0,0,1,0,20905,1,13,-1,0,1
0,0,1,0,0,0,0,0,-1,-1,12,1,13,1,0,1
0,0,1,0,0,0,0,0,-1,-1,7409,0,15,-1,0,1
0,0,3,1,0,0,0,0,1,0,3742,0,19,1,0,1
0,0,3,1,1,0,0,0,1,0,108038,0,15,0,0,1
0,0,1,0,0,0,0,0,1,0,2552,1,14,1,0,1
0,0,2,0,0,0,0,0,1,0,28804,0,15,1,0,1
0,0,1,1,0,0,0,0,-1,0,3770,1,16,1,0,1
0,0,1,0,0,0,0,0,-1,-1,632,0,16,1,0,1
0,0,2,0,0,0,0,0,1,0,385428,1,12,1,0,1
0,0,2,0,0,0,0,0,-1,-1,7411,1,12,1,0,1
0,0,2,0,0,0,0,0,0,0,44952,0,4,-1,0,1
0,0,1,0,0,0,0,0,1,0,3742,0,2,-1,5,1
0,0,1,0,0,0,0,0,0,0,109138,1,19,1,0,1
0,0,2,0,0,0,0,0,1,0,35193,0,0,0,8,1
0,0,1,0,0,0,0,0,1,0,35186,0,0,-1,7,1
0,0,2,1,1,0,0,0,1,0,92517,0,0,0,8,1
0,0,3,1,0,0,0,0,0,0,47112,0,0,0,8,1
0,0,1,0,0,0,0,0,0,0,146818,0,18,-1,1,1
0,0,1,0,1,0,0,0,0,0,6307,0,1,-1,6,1
0,0,1,0,1,0,0,0,0,0,6307,0,1,-1,6,1
0,0,1,0,1,0,0,0,0,0,6307,0,1,-1,6,1
0,0,3,1,1,0,0,0,1,0,3077,1,17,1,0,1
0,0,2,1,0,0,0,0,-1,-1,7401,0,14,-1,2,1
0,0,3,1,0,0,0,0,1,0,6416,0,12,-1,1,1
0,0,2,0,0,0,0,0,1,0,37876,0,10,1,0,1
0,0,2,0,0,0,0,0,-1,0,831,0,14,1,0,1
0,0,2,0,0,0,0,0,-1,-1,2032,0,10,0,0,1
0,0,5,0,0,0,0,0,-1,0,388,0,0,0,8,1
0,0,2,0,0,0,0,0,1,0,7049,0,5,-1,0,1
0,0,5,0,0,0,0,0,-1,0,390,0,0,0,8,1
0,0,1,0,0,0,0,0,-1,-1,199,0,0,-1,8,1
0,0,2,1,0,0,0,0,0,0,8793,0,2,0,0,1
0,0,2,0,0,0,0,0,-1,-1,315,0,11,1,0,1
0,0,6,1,0,0,0,0,1,0,28432,0,2,0,0,1
0,0,4,1,0,0,0,0,1,0,127445,0,1,0,4,1
0,0,2,0,0,0,0,0,-1,0,836,0,10,1,0,1
0,0,2,1,0,0,0,0,-1,0,2086,1,13,-1,0,1
0,0,3,1,0,1,0,0,1,0,122,0,13,-1,0,1
0,0,2,1,1,0,-1,-1,1,0,118578,0,0,0,8,1
0,0,2,1,2,0,-1,-1,1,0,118439,0,0,0,8,1
0,0,2,1,0,0,0,0,-1,-1,43779,1,13,1,0,1
0,0,3,1,0,0,0,0,1,0,104530,1,20,1,0,1
0,0,1,0,0,0,0,0,1,0,5408,0,14,1,0,1
0,0,2,1,0,0,0,0,0,0,56980,0,0,0,8,1
0,0,2,1,0,0,0,0,0,0,46278,0,0,0,8,1
0,0,3,1,0,1,0,0,1,0,122,0,13,-1,0,1
0,0,2,0,0,0,-1,-1,1,0,118387,0,0,0,8,1
0,0,1,0,0,0,0,0,1,0,2552,1,19,1,0,1
0,0,2,0,0,0,0,0,1,0,2552,0,11,-1,0,1
0,0,3,0,0,0,0,0,1,0,990397,0,8,0,0,1
0,0,1,0,0,0,0,0,-1,-1,3569,1,15,1,0,1
0,0,2,0,0,0,0,0,-1,-1,7439,1,18,1,0,1
0,0,2,1,0,0,0,0,1,0,385867,0,14,1,0,1
0,0,2,1,0,0,0,0,1,0,385867,0,16,1,0,1
0,0,2,1,0,0,0,0,1,0,3361122,0,14,1,0,1
0,0,2,1,0,0,0,0,1,0,3361122,0,16,1,0,1
0,0,2,1,0,0,0,0,-1,0,27593,0,15,1,0,1
0,0,2,1,0,0,0,0,-1,0,27593,0,13,1,0,1
0,0,1,1,0,0,0,0,-1,0,3770,1,16,1,0,1
0,0,2,0,0,0,0,0,0,0,791,0,0,0,2,1
0,0,2,1,0,0,0,0,-1,-1,7401,0,14,-1,2,1
0,0,2,1,1,0,0,0,1,0,3742,0,12,-1,0,1
0,0,1,0,0,0,0,0,1,0,9622,0,14,-1,0,1
0,0,3,1,0,0,0,0,1,0,3742,0,15,1,0,1
0,0,2,0,0,0,0,0,1,0,2668,0,10,-1,0,1
0,0,3,1,0,0,0,0,-1,-1,1356272,0,18,1,0,1
0,0,3,1,0,0,0,0,1,0,3742,0,15,1,0,1
0,0,2,0,0,0,0,0,1,0,51310,0,0,0,8,1
0,0,3,0,0,0,0,0,1,0,3573,0,16,1,0,1
0,0,3,1,0,0,0,0,-1,-1,36,0,2,0,4,1
0,0,3,1,0,0,0,0,1,0,13282,0,8,-1,0,1
0,0,2,0,0,0,0,0,1,0,2521,0,15,1,0,1
0,0,3,0,0,0,0,0,-1,-1,7117,1,5,-1,0,1
0,0,1,0,0,0,0,0,1,0,10865,1,13,1,0,1
0,0,2,0,0,0,0,0,1,0,2552,0,10,1,0,1
0,0,2,1,1,0,0,0,-1,-1,1053,0,9,0,0,1
0,0,2,0,0,0,0,0,-1,-1,884,1,12,1,0,1
0,0,1,0,0,0,0,0,0,0,13574,1,18,1,0,1
0,0,2,1,0,0,-1,-1,1,0,118214,0,0,0,8,1
0,0,2,1,0,0,-1,-1,1,0,118523,0,0,0,8,1
0,0,3,1,2,0,0,0,1,0,221454,0,11,0,0,1
0,0,1,0,0,0,0,0,0,0,197922,0,10,-1,3,1
0,0,1,0,0,0,0,0,1,0,9436,1,20,1,0,1
0,0,2,1,0,0,0,0,1,0,92681,0,0,0,8,1
0,0,2,1,1,0,-1,-1,1,0,118617,0,0,0,8,1
0,0,3,1,0,0,0,0,1,0,3742,0,15,1,0,1
0,0,2,0,0,0,-1,-1,1,0,118059,0,0,0,8,1
0,0,2,0,0,0,0,0,-1,0,4607,0,5,0,0,1
0,0,2,0,0,0,0,0,1,0,28762,0,13,1,0,1
0,0,2,1,0,0,0,0,1,0,9496,1,13,1,0,1
0,0,2,0,0,0,0,0,1,0,211416,0,17,1,0,1
0,0,2,1,1,0,-1,-1,1,0,118509,0,0,0,8,1
0,0,2,0,0,0,-1,-1,1,0,118211,0,0,0,8,1
0,0,2,0,0,0,-1,-1,1,0,118245,0,0,0,8,1
0,0,1,0,0,0,0,0,1,0,104530,1,21,1,0,1
0,0,2,1,0,0,0,0,-1,0,197463,1,11,-1,0,1
0,0,1,0,0,0,0,0,1,0,60302,1,15,1,0,1
0,0,5,1,0,0,-1,-1,1,0,118267,0,0,0,5,1
0,0,3,0,1,0,0,0,1,0,6906,0,1,0,3,1
0,0,2,1,2,0,-1,-1,-1,0,29483,0,3,-1,1,1
0,0,2,1,2,0,-1,-1,-1,0,29483,0,3,-1,1,1
0,0,2,0,0,0,0,0,1,0,75673,1,10,1,0,1
0,0,2,1,0,0,0,0,1,0,30822,0,15,1,0,1
0,0,2,1,0,0,0,0,1,0,31477,0,15,1,0,1
0,0,2,1,0,0,0,0,1,0,30737,0,15,1,0,1
0,0,2,1,1,0,0,0,-1,0,737,0,14,1,0,1
0,0,2,1,1,0,0,0,-1,0,737,0,12,1,0,1
0,0,2,0,0,0,0,0,-1,-1,7405,1,12,-1,0,1
0,0,1,0,0,0,0,0,0,0,134267,1,20,1,0,1
0,0,1,0,0,0,0,0,1,0,3296,1,18,1,0,1
0,0,2,0,0,0,0,0,1,0,9401,1,11,-1,0,1
0,0,3,1,0,0,0,0,-1,-1,406,0,9,0,0,1
0,0,2,0,0,0,0,0,1,0,20713,0,13,1,0,1
0,0,2,0,1,0,0,0,1,0,20713,0,12,1,0,1
0,0,2,0,0,0,-1,-1,1,0,7075,1,14,-1,0,1
0,0,3,1,0,0,0,0,-1,-1,690977,0,19,1,0,1
0,0,3,0,0,0,0,0,1,0,112937,0,3,0,4,1
0,0,2,0,0,0,0,0,1,0,2521,0,14,1,0,1
0,0,3,0,0,0,0,0,-1,-1,7117,1,5,-1,0,1
0,0,7,1,0,0,0,0,1,0,28427,0,8,0,0,1
0,0,1,0,0,0,0,0,1,0,3456,0,0,0,7,1
0,0,4,1,0,0,0,0,1,0,744331,1,8,-1,0,1
0,0,2,0,0,0,0,0,1,0,5821,0,2,0,0,1
0,0,3,1,0,0,-1,-1,1,0,118370,0,2,0,0,1
0,0,2,1,0,0,-1,-1,1,0,119470,0,0,0,8,1
0,0,2,1,0,0,-1,-1,1,0,118251,0,0,0,8,1
0,0,2,0,1,0,-1,-1,1,0,118354,0,0,0,8,1
0,0,2,1,0,0,0,0,1,0,92665,0,0,0,8,1
0,0,3,0,0,0,0,0,-1,0,344,0,0,-1,2,1
0,0,2,0,0,0,0,0,-1,0,828,0,7,0,0,1
0,0,1,0,0,0,0,0,-1,0,67,1,11,-1,0,1
0,0,1,0,0,0,0,0,-1,-1,1853,1,17,1,0,1
0,0,2,0,0,0,0,0,1,0,39103,0,0,0,5,1
0,0,1,0,0,0,0,0,1,0,39103,0,1,0,5,1
0,0,2,1,0,0,-1,-1,1,0,118807,0,6,0,0,1
0,0,2,1,0,0,0,0,-1,0,840,0,14,1,0,1
0,0,1,0,0,0,0,0,1,0,165925,0,12,1,4,1
0,0,6,1,0,0,0,0,1,0,28427,0,8,0,0,1
0,0,2,0,0,0,0,0,0,0,44533,0,0,0,8,1
0,0,3,1,0,0,0,0,-1,0,337,0,0,-1,2,1
0,0,1,0,0,0,0,0,0,0,255985,0,18,1,0,1
0,0,2,1,0,0,0,0,1,0,385868,0,15,1,0,1
0,0,3,1,0,0,0,0,1,0,144234,0,17,1,0,1
0,0,4,1,0,0,0,0,1,0,591,0,10,-1,0,1
0,0,1,0,0,0,0,0,0,0,6374,0,1,-1,6,1
0,0,2,0,0,0,-1,-1,1,0,118087,0,0,0,8,1
0,0,2,0,0,0,0,0,1,0,92565,0,0,0,8,1
0,0,1,1,0,0,0,0,1,0,1165,0,5,-1,0,1
0,0,5,0,1,0,0,0,-1,-1,277,0,12,-1,0,1
0,0,1,0,0,0,0,0,1,0,53702,1,12,-1,0,1
0,0,1,0,0,0,0,0,1,0,9456,1,21,1,0,1
0,0,7,1,0,0,0,0,-1,-1,2127,0,0,0,2,1
0,0,2,0,0,0,0,0,1,0,92545,0,0,0,8,1
0,0,1,0,0,0,0,0,1,0,79112,1,16,1,0,1
0,0,3,0,0,0,0,0,1,0,3575,0,15,1,0,1
0,0,3,0,0,0,0,0,1,0,3626,0,15,1,0,1
0,0,2,0,0,0,0,0,0,0,9901,0,2,0,4,1
0,0,1,0,0,0,0,0,-1,-1,7403,0,2,-1,0,1
0,0,2,0,0,0,0,0,0,0,25314,0,6,-1,3,1
0,0,2,0,0,0,-1,-1,1,0,6610,1,14,-1,0,1
0,0,3,1,0,0,0,0,-1,-1,24341,0,9,0,0,1
0,0,3,1,1,0,0,0,-1,0,19158,0,16,1,0,1
0,0,5,1,1,0,0,0,-1,0,19158,0,0,0,5,1
0,0,1,0,0,0,0,0,1,0,12111,0,17,1,0,1
0,0,1,0,0,0,0,0,1,0,12111,0,17,1,0,1
0,0,2,0,0,0,0,0,-1,-1,7405,1,13,-1,0,1
0,0,4,1,0,0,0,0,1,0,4846,0,19,1,0,1
0,0,2,1,0,0,0,0,-1,-1,213,0,0,-1,2,1
0,0,2,0,0,0,0,0,1,0,2427,0,0,0,4,1
0,0,2,0,0,0,0,0,0,0,43594,0,0,0,8,1
0,0,1,0,0,0,0,0,-1,0,178,0,0,-1,1,1
0,0,3,0,0,0,0,0,1,0,1437,0,14,1,0,1
0,0,2,0,0,0,0,0,0,0,453084,0,1,0,5,1
0,0,1,0,0,0,0,0,1,0,101067,0,2,-1,8,1
0,0,1,0,0,0,0,0,-1,-1,19416,1,14,1,0,1
0,0,2,0,0,0,0,0,0,0,18463,1,4,-1,0,1
0,0,1,0,0,0,0,0,1,0,3742,1,16,1,0,1
0,0,2,1,1,0,0,0,-1,0,704,0,17,1,0,1
0,0,2,1,1,0,0,0,-1,0,704,0,17,1,0,1
0,0,2,1,1,0,0,0,-1,0,704,0,16,1,0,1
0,0,2,1,1,0,0,0,-1,0,704,0,16,1,0,1
0,0,1,0,0,0,0,0,1,0,11238,0,18,-1,0,1
0,0,2,0,1,0,0,0,1,0,18964,0,12,-1,0,1
0,0,1,0,0,0,0,0,1,0,44364,1,16,1,0,1
0,0,5,1,0,0,0,0,1,0,28443,0,6,0,0,1
0,0,1,0,0,0,0,0,1,0,32268,0,13,-1,0,1
0,0,1,0,0,0,0,0,1,0,32268,0,13,-1,0,1
0,0,1,0,0,0,0,0,1,0,32268,0,12,-1,2,1
0,0,1,0,0,0,0,0,1,0,32268,0,12,-1,2,1
0,0,1,0,0,0,0,0,1,0,32268,0,12,-1,2,1
0,0,1,0,0,0,0,0,1,0,32268,0,12,-1,2,1
0,0,11,1,1,0,0,0,1,0,3742,1,15,-1,0,1
0,0,1,1,0,0,0,0,1,0,7377,0,10,0,2,1
0,0,1,1,0,0,0,0,1,0,7377,0,10,0,2,1
0,0,2,0,0,0,0,0,1,0,2492,0,10,0,0,1
0,0,2,0,1,0,0,0,1,0,2330,0,10,0,0,1
0,0,4,0,0,0,0,0,1,0,14581,0,9,-1,0,1
0,0,1,0,0,0,0,0,-1,-1,7399,1,15,-1,0,1
0,0,1,0,0,0,0,0,-1,-1,7399,1,15,-1,0,1
0,0,2,1,1,0,0,0,-1,-1,7388,1,17,1,0,1
0,0,2,0,0,0,0,0,1,0,6416,0,16,-1,0,1
0,0,3,0,0,0,0,0,1,0,2575,0,11,-1,2,1
0,0,4,0,0,0,0,0,1,0,2575,0,1,-1,2,1
0,0,2,0,0,0,0,0,1,0,2552,1,13,-1,0,1
0,0,1,0,0,0,0,0,1,0,2552,1,13,-1,0,1
0,0,3,1,1,1,0,0,1,0,461,0,8,-1,0,1
0,0,2,0,0,0,0,0,1,0,340579,0,1,0,2,1
0,0,4,0,1,0,0,0,1,0,6891,0,10,0,0,1
0,0,2,0,0,0,0,0,1,0,430,0,4,-1,0,1
0,0,2,0,0,0,0,0,1,0,430,0,4,-1,0,1
0,0,1,0,0,0,0,0,1,0,35375,0,0,-1,7,1
0,0,2,0,0,0,0,0,1,0,35373,0,0,0,8,1
0,0,3,1,0,1,0,0,1,0,111,0,7,-1,2,1
0,0,3,1,0,0,0,0,1,0,227832,0,10,0,2,1
0,0,2,0,0,0,0,0,1,0,1736,0,9,1,0,1
0,0,2,0,0,0,0,0,1,0,1736,0,9,1,0,1
0,0,3,0,0,0,0,0,-1,-1,544,0,-1,1,0,1
0,0,2,0,0,0,-1,-1,1,0,6610,1,14,-1,0,1
0,0,3,1,0,0,0,0,1,0,17959,0,1,0,0,1
0,0,2,0,0,0,0,0,1,0,828,0,12,0,0,1
0,0,6,1,0,0,0,0,-1,0,424,0,0,0,8,1
0,0,6,1,0,0,0,0,-1,0,422,0,0,0,8,1
0,0,6,1,0,0,0,0,-1,0,422,0,0,0,8,1
0,0,7,1,0,0,0,0,-1,0,436,0,0,0,8,1
0,0,6,1,0,0,0,0,1,0,28411,0,7,0,0,1
0,0,2,1,0,0,-1,-1,1,0,118187,0,0,0,8,1
0,0,6,1,0,0,0,0,1,0,28398,0,10,0,0,1
0,0,2,0,0,0,0,0,1,0,182547,1,13,-1,0,1
0,0,2,0,0,0,0,0,1,0,26774,1,14,-1,0,1
0,0,3,1,0,1,0,0,0,0,79424,0,5,-1,0,1
0,0,2,0,0,0,0,0,1,0,48761,0,0,0,8,1
0,0,1,0,0,0,0,0,-1,-1,804,1,13,1,0,1
0,0,3,0,0,0,0,0,-1,0,333,0,0,-1,2,1
0,0,3,0,0,0,0,0,-1,0,333,0,0,-1,2,1
0,0,5,1,0,0,0,0,1,0,28394,0,3,0,0,1
0,0,2,1,0,0,0,0,0,0,41633,0,0,0,8,1
0,0,2,1,0,0,0,0,1,0,94172,0,0,0,8,1
0,0,2,1,0,0,0,0,-1,-1,52181,1,12,1,0,1
0,0,3,0,0,0,0,0,-1,-1,7419,0,9,-1,0,1
0,0,1,0,0,0,0,0,0,0,6374,0,1,-1,6,1
0,0,1,0,0,0,0,0,0,0,79261,0,12,1,2,1
0,0,1,0,0,0,0,0,-1,-1,51,1,13,-1,0,1
0,0,3,0,0,0,0,0,0,0,173888,0,0,0,2,0
0,0,3,0,0,0,0,0,0,0,89704,0,0,0,2,0
0,0,3,0,0,0,0,0,1,0,57750,0,0,0,2,0
0,0,2,0,0,0,0,0,0,0,44193,0,0,0,2,0
0,0,3,0,0,1,0,0,1,0,55942,0,0,0,3,0
0,0,2,0,0,0,0,0,1,0,22466,0,0,0,2,0
0,0,2,0,0,0,0,0,0,0,15726,0,0,0,4,0
0,0,3,0,0,0,0,0,1,0,10402,1,0,0,3,0
0,0,3,0,0,0,0,0,0,0,13021,0,0,0,3,0
0,0,2,0,0,0,0,0,0,0,3082,0,0,0,4,0
0,0,2,0,0,0,0,0,0,0,3672,0,0,-1,3,0
0,0,3,0,0,0,0,0,0,0,151703,0,0,0,2,0
0,0,2,0,0,0,0,0,1,0,260899,0,0,0,1,0
0,0,3,0,0,0,0,0,1,0,10346,0,0,0,2,0
0,0,3,0,0,0,0,0,0,0,33170,0,0,0,3,0
0,0,2,1,0,0,0,0,1,0,13586,0,0,-1,1,0
0,0,3,0,0,0,-1,-1,1,0,17796,0,0,0,3,0
0,0,2,0,0,0,0,0,1,0,562754,0,0,0,2,0
0,0,3,0,0,0,0,0,0,0,96551,0,0,0,2,0
0,0,3,0,0,0,0,0,1,0,137772,0,0,0,2,0
0,0,3,0,0,0,0,0,1,0,205256,0,0,0,3,0
0,0,3,0,0,0,0,0,0,0,20648,0,0,0,3,0
0,0,3,0,0,0,0,0,0,0,83834,0,0,0,3,0
0,0,2,0,0,0,0,0,1,0,157,0,0,0,3,0
0,0,3,0,0,0,0,0,0,0,402798,0,0,0,2,0
0,0,3,0,0,0,0,0,0,0,86732,0,0,0,3,0
0,0,3,0,0,0,0,0,0,0,535102,0,0,0,2,0
0,0,3,0,0,0,0,0,1,0,796,0,0,-1,2,0
0,0,3,0,0,0,0,0,1,0,96105,0,0,0,2,0
0,0,3,0,0,0,0,0,0,0,103750,0,0,0,2,0
0,0,3,0,0,0,0,0,0,0,86607,0,0,-1,2,0
0,0,3,0,0,0,0,0,0,0,15824,0,0,-1,3,0
0,0,3,0,0,0,0,0,-1,-1,52,0,0,-1,2,0
0,0,3,0,0,0,0,0,1,0,323425,0,0,-1,0,0
0,0,3,0,0,0,0,0,1,0,24878,0,0,0,2,0
0,0,3,1,0,0,-1,-1,-1,-1,0,0,0,0,2,0
0,0,3,0,0,0,0,0,0,0,125198,0,0,0,3,0
0,0,3,0,0,1,0,0,0,0,77578,0,0,0,2,0
0,0,3,0,0,0,0,0,1,0,85111,0,0,-1,2,0
0,0,3,0,0,0,0,0,0,0,15587,0,0,0,3,0
0,0,3,0,0,0,0,0,0,0,30500,0,0,0,3,0
0,0,3,0,0,0,0,0,0,0,225032,0,0,0,2,0
0,0,3,0,0,0,0,0,1,0,104266,0,0,-1,2,0
0,0,3,0,0,0,0,0,0,0,319636,0,0,0,2,0
0,0,3,0,0,0,0,0,1,0,6674,0,0,0,4,0
0,0,3,0,0,1,0,0,0,0,12712,0,0,-1,2,0
0,0,3,0,0,0,0,0,0,0,21069,0,0,0,4,0
0,0,3,0,0,0,0,0,1,0,20675,0,0,0,2,0
0,0,3,0,0,0,0,0,1,0,73619,0,0,0,4,0
0,0,3,0,0,0,0,0,0,0,30427,0,0,-1,3,0
0,0,2,0,0,0,0,0,1,0,7188,0,0,0,0,0
0,0,2,0,0,0,0,0,1,0,8803,0,0,0,2,0
0,0,3,0,0,0,0,0,0,0,25835,0,0,0,3,0
0,0,3,0,0,0,0,0,0,0,158724,0,0,-1,1,0
0,0,3,0,0,0,0,0,0,0,50454,0,0,0,3,0
0,0,3,0,0,1,0,0,0,0,52634,0,0,-1,4,0
0,0,3,0,0,0,0,0,1,0,130259,0,0,0,6,0
0,0,3,0,0,0,0,0,1,0,71314,0,0,0,2,0
0,0,4,0,0,0,0,0,1,0,926,0,0,0,2,0
0,0,3,0,0,0,0,0,1,0,141047,0,0,-1,2,0
0,0,3,0,0,0,0,0,1,0,2851,0,0,-1,2,0
0,0,3,0,0,0,0,0,1,0,5862,0,0,-1,2,0
0,0,3,0,0,0,0,0,1,0,234453,0,0,-1,1,0
0,0,3,0,0,1,0,0,1,0,7132,0,0,0,3,0
0,0,3,0,0,0,-1,-1,-1,-1,0,0,0,-1,2,0
0,0,2,0,0,0,0,0,1,0,135482,0,0,-1,2,0
0,0,3,0,0,0,0,0,0,0,53291,0,0,0,3,0
0,0,2,0,0,0,0,0,0,0,129810,0,0,0,2,0
0,0,3,0,0,0,0,0,0,0,27411,0,0,0,2,0
0,0,3,0,0,0,0,0,0,0,55577,0,0,0,2,0
0,0,3,1,0,0,0,0,1,0,22384,0,0,0,2,0
0,0,2,0,0,0,0,0,1,0,89667,0,0,0,2,0
0,0,3,0,0,0,0,0,1,0,5978,0,0,0,2,0
0,0,3,0,0,0,0,0,1,0,393328,0,0,0,2,0
0,0,3,0,0,0,0,0,1,0,2560,0,0,-1,1,0
0,0,3,0,0,0,0,0,0,0,10912,0,0,0,2,0
0,0,3,0,0,0,0,0,0,0,178149,0,0,0,2,0
0,0,3,0,0,0,0,0,1,0,28407,0,0,-1,2,0
0,0,2,0,0,0,0,0,1,0,7403,0,0,-1,2,0
0,0,3,0,0,1,-1,-1,-1,-1,0,0,0,-1,2,0
0,0,3,0,0,0,0,0,1,0,35486,0,0,0,3,0
0,0,2,0,0,0,0,0,1,0,9691,0,0,-1,3,0
0,0,3,0,0,1,0,0,1,0,1032290,0,0,-1,2,0
0,0,3,0,0,1,0,0,0,0,38388,0,0,0,2,0
0,0,3,0,0,0,0,0,1,0,41551,0,0,0,2,0
0,0,3,0,0,0,0,0,-1,-1,219,0,0,0,2,0
0,0,3,1,0,0,0,0,1,0,378163,0,0,-1,4,0
0,0,3,0,0,0,0,0,-1,-1,63,0,0,-1,4,0
0,0,3,0,0,0,0,0,1,0,409365,0,0,0,2,0
0,0,3,0,0,0,0,0,1,0,483381,0,0,0,2,0
0,0,2,0,0,0,0,0,1,0,192343,0,0,0,2,0
0,0,3,0,0,0,0,0,0,0,118192,0,0,0,2,0
0,0,3,0,0,0,0,0,1,0,14272,0,0,-1,2,0
0,0,3,0,0,0,0,0,1,0,682439,0,0,-1,2,0
0,0,2,1,0,0,0,0,1,0,191804,0,0,-1,0,0
0,0,3,0,0,0,0,0,1,0,44293,0,0,-1,2,0
0,0,3,0,0,0,0,0,1,0,10504,0,0,0,3,0
0,0,3,0,0,0,0,0,0,0,13364,0,0,0,3,0
0,0,3,0,0,0,0,0,0,0,200500,0,0,0,3,0
0,0,3,0,0,0,0,0,0,0,32312,0,0,0,2,0
0,0,3,0,0,0,0,0,0,0,85767,0,0,-1,2,0
0,0,3,0,0,0,0,0,1,0,18426,0,0,0,2,0
0,0,3,0,0,0,0,0,1,0,2562,0,0,-1,1,0
0,0,3,0,0,0,-1,-1,-1,-1,0,0,0,0,2,0
0,0,3,0,0,0,0,0,0,0,25190,0,0,0,2,0
0,0,3,0,0,0,-1,-1,-1,-1,0,0,0,-1,1,0
0,0,3,0,0,1,-1,-1,-1,-1,0,0,0,0,2,0
0,0,3,0,0,0,0,0,0,0,469646,0,0,-1,0,0
0,0,3,0,0,0,0,0,1,0,1956,0,0,0,2,0
0,0,3,0,0,1,-1,-1,-1,-1,0,0,0,-1,3,0
0,0,3,0,0,0,0,0,1,0,3988,0,0,0,2,0
0,0,3,0,0,1,-1,-1,-1,-1,0,0,0,-1,2,0
0,0,2,1,0,0,0,0,1,0,61499,0,0,-1,2,0
0,0,3,0,0,0,0,0,0,0,162696,0,0,0,3,0
0,0,2,0,0,0,0,0,-1,-1,17,0,0,0,2,0
0,0,3,0,0,0,0,0,0,0,3756,0,0,0,1,0
0,0,3,0,0,0,0,0,1,0,18115,0,0,0,2,0
0,0,3,0,0,0,0,0,0,0,59927,0,0,0,2,0
0,0,3,0,0,0,0,0,1,0,116920,0,0,0,1,0
0,0,3,0,0,0,0,0,0,0,37660,0,0,0,2,0
0,0,3,0,0,0,0,0,0,0,50859,0,0,0,4,0
0,0,3,0,0,0,0,0,1,0,16230,0,0,0,2,0
0,0,3,0,0,0,0,0,0,0,84738,0,0,0,2,0
0,0,3,0,0,0,-1,-1,-1,-1,0,0,0,0,2,0
0,0,3,0,0,0,0,0,1,0,18974,0,0,0,3,0
0,0,3,0,0,1,0,0,1,0,219571,0,0,-1,3,0
0,0,3,0,0,0,0,0,1,0,351797,0,0,-1,2,0
0,0,3,0,0,0,0,0,0,0,25211,0,0,-1,2,0
0,0,3,0,0,1,0,0,1,0,141482,0,0,-1,3,0
0,0,3,0,0,0,-1,-1,-1,-1,0,0,0,0,2,0
0,0,3,0,0,0,0,0,-1,-1,165,0,0,0,2,0
0,0,3,1,0,0,0,0,1,0,131570,0,0,0,2,0
0,0,2,0,0,0,0,0,-1,-1,2274,0,0,-1,2,0
0,0,2,0,0,0,0,0,1,0,102862,0,0,0,4,0
0,0,2,0,0,0,0,0,1,0,1040,0,0,-1,1,0
0,0,3,0,0,0,0,0,0,0,5701,0,0,0,4,0
0,0,3,0,0,0,0,0,-1,-1,140,0,0,-1,3,0
0,0,3,0,0,0,0,0,0,0,968,0,0,-1,2,0
0,0,3,0,0,1,0,0,1,0,507727,0,0,0,3,0
0,0,3,0,0,1,0,0,1,0,181297,0,0,-1,3,0
0,0,3,0,0,1,0,0,0,0,18012,0,0,0,2,0
0,0,3,0,0,0,0,0,0,0,36370,0,0,0,2,0
0,0,3,0,0,1,0,0,0,0,7030,0,0,0,2,0
0,0,3,0,0,1,0,0,0,0,6969,0,0,0,2,0
0,0,4,0,0,1,0,0,1,0,521769,0,0,0,3,0
0,0,3,0,0,0,0,0,0,0,52767,0,0,-1,2,0
0,0,3,0,0,0,0,0,1,0,3890,0,0,-1,1,0
0,0,3,0,0,0,0,0,0,0,137859,0,0,-1,3,0
0,0,2,0,0,0,0,0,1,0,12760,0,0,0,1,0
0,0,3,0,0,0,0,0,1,0,28603,0,0,0,3,0
0,0,3,0,0,0,0,0,1,0,926,0,0,0,2,0
0,0,3,0,0,0,0,0,0,0,117,0,0,0,2,0
0,0,2,0,0,0,0,0,-1,-1,140,0,0,0,2,0
0,0,3,0,0,0,0,0,1,0,79927,0,0,0,2,0
0,0,3,0,0,0,0,0,1,0,119165,0,0,0,3,0
0,0,3,0,0,0,0,0,0,0,30479,0,0,0,2,0
0,0,2,0,0,0,0,0,-1,-1,17,0,0,0,2,0
0,0,2,0,0,0,0,0,0,0,117714,0,0,-1,3,0
0,0,3,0,0,0,0,0,1,0,104300,0,0,-1,2,0
0,0,3,0,0,0,0,0,1,0,337201,0,0,-1,2,0
0,0,3,0,0,0,0,0,-1,-1,219,0,0,-1,2,0
0,0,3,0,0,1,-1,-1,-1,-1,0,0,0,0,2,0
0,0,3,0,0,1,0,0,0,0,18040,0,0,0,2,0
0,0,1,0,0,0,0,0,1,0,6524,0,0,-1,2,0
0,0,3,0,0,0,0,0,0,0,9950,0,0,0,2,0
0,0,3,0,0,1,0,0,0,0,25897,0,0,-1,2,0
0,0,3,0,0,0,-1,-1,-1,-1,0,0,0,-1,2,0
0,0,3,0,0,0,0,0,1,0,5941,0,0,-1,2,0
0,0,3,0,0,0,0,0,1,0,5941,0,0,-1,2,0
0,0,3,0,0,0,0,0,0,0,67804,0,0,0,2,0
0,0,3,0,0,0,-1,-1,-1,-1,0,0,0,0,1,0
0,0,3,1,0,0,0,0,-1,-1,140,0,0,0,2,0
0,0,3,0,0,0,0,0,1,0,102705,0,0,-1,2,0
0,0,1,0,0,0,0,0,1,0,331078,0,0,-1,0,0
0,0,3,0,0,0,0,0,1,0,8506,0,0,0,1,0
0,0,3,0,0,0,0,0,1,0,5185,0,0,-1,2,0
0,0,3,0,0,1,0,0,1,0,77479,0,0,-1,2,0
0,0,3,0,0,0,0,0,1,0,12164,0,0,-1,2,0
0,0,3,0,0,0,0,0,0,0,10139,0,0,-1,2,0
0,0,3,0,0,0,0,0,0,0,68711,0,0,0,2,0
0,0,3,0,0,0,0,0,0,0,26377,0,0,-1,2,0
0,0,3,0,0,0,0,0,-1,-1,219,0,-1,0,2,0
0,0,3,0,0,0,0,0,1,0,469202,0,0,-1,2,0
0,0,3,0,0,0,0,0,0,0,85626,0,0,-1,3,0
0,0,3,0,0,0,0,0,1,0,324,0,0,0,2,0
0,0,3,0,0,0,-1,-1,-1,-1,0,0,0,0,2,0
0,0,2,0,0,0,0,0,0,0,35220,0,0,0,4,0
0,0,3,1,0,0,0,0,1,0,85415,0,0,0,3,0
0,0,3,0,0,0,0,0,0,0,42267,0,0,0,4,0
0,0,3,0,0,0,0,0,1,0,87026,0,0,0,3,0
0,0,2,0,0,0,0,0,1,0,565054,0,0,0,3,0
0,0,3,0,0,0,0,0,1,0,81268,0,0,0,3,0
0,0,1,1,0,0,0,0,1,0,2552,0,0,-1,4,0
0,0,3,0,0,0,0,0,0,0,102539,0,0,0,3,0
0,0,2,0,0,0,0,0,0,0,55778,0,0,0,4,0
0,0,4,1,0,0,0,0,0,0,75388,0,0,-1,4,0
0,0,3,0,0,0,0,0,0,0,315945,0,0,0,3,0
0,0,3,0,0,0,0,0,1,0,19304,0,0,-1,2,0
0,0,3,0,0,0,0,0,-1,-1,140,1,0,-1,2,0
0,0,3,0,0,0,0,0,-1,0,1258,0,0,0,2,0
0,0,3,1,0,0,0,0,1,0,47294,0,0,0,1,0
0,0,3,0,0,0,0,0,1,0,458552,0,0,0,2,0
0,0,3,0,0,0,0,0,1,0,15589,0,0,0,2,0
0,0,3,0,0,0,0,0,1,0,2552,0,0,0,2,0
0,0,3,0,0,0,-1,-1,-1,-1,0,1,0,-1,2,0
0,0,3,0,0,0,-1,-1,-1,-1,0,0,0,-1,2,0
0,0,3,0,0,0,0,0,1,0,383295,0,0,0,2,0
0,0,3,0,0,0,-1,-1,-1,-1,0,0,0,-1,2,0
0,0,3,0,0,0,0,0,1,0,13599,0,0,0,2,0
0,0,2,0,0,0,-1,-1,-1,-1,0,0,0,-1,2,0
0,0,3,0,0,0,0,0,1,0,670158,0,0,0,2,0
0,0,3,0,0,0,0,0,-1,-1,165,0,0,-1,1,0
0,0,3,0,0,0,0,0,1,0,18724,0,0,0,2,0
0,0,3,0,0,0,0,0,-1,0,1310,0,0,0,0,0
0,0,2,0,0,0,0,0,1,0,458175,0,0,0,2,0
0,0,3,0,0,0,0,0,1,0,14645,0,0,0,3,0
0,0,3,0,0,0,-1,-1,-1,-1,0,0,0,0,3,0
0,0,3,0,0,0,0,0,0,0,9776,0,0,0,2,0
0,0,3,0,0,0,0,0,0,0,81395,0,0,0,4,0
0,0,3,0,0,0,0,0,1,0,11472,0,0,0,3,0
0,0,3,0,0,0,0,0,0,0,74050,0,0,0,3,0
0,0,3,1,0,0,0,0,1,0,10044,0,0,0,3,0
0,0,3,0,0,0,0,0,1,0,36255,0,0,0,3,0
0,0,3,0,0,0,-1,-1,1,0,33228,0,0,0,1,0
0,0,3,0,0,0,0,0,1,0,4004,0,0,0,0,0
0,0,3,0,0,1,0,0,1,0,108199,0,0,0,2,0
0,0,3,0,0,0,-1,-1,-1,-1,0,0,0,0,2,0
0,0,3,0,0,0,-1,-1,-1,-1,0,0,0,0,3,0
0,0,3,0,0,0,0,0,0,0,436115,0,0,-1,2,0
0,0,3,0,0,0,0,0,0,0,165646,0,0,0,3,0
0,0,3,0,0,0,0,0,1,0,30475,0,0,0,2,0
0,0,3,0,0,0,0,0,0,0,57968,0,0,0,2,0
0,0,3,0,0,0,-1,-1,-1,-1,0,0,0,0,2,0
0,0,3,0,0,0,0,0,0,0,83831,0,0,-1,1,0
0,0,3,0,0,0,0,0,1,0,57076,0,0,-1,1,0
0,0,3,0,0,0,0,0,0,0,66891,0,0,0,2,0
0,0,3,0,0,0,0,0,1,0,17026,0,0,0,3,0
0,0,3,0,0,0,0,0,0,0,65127,0,0,0,2,0
0,0,3,0,0,0,0,0,0,0,33738,0,0,0,2,0
0,0,3,0,0,0,0,0,-1,-1,140,0,0,0,3,0
0,0,3,0,0,0,0,0,1,0,16267,0,0,0,1,0
0,0,3,0,0,0,0,0,-1,-1,140,0,0,0,2,0
0,0,3,0,0,1,-1,-1,0,0,240094,0,0,0,3,0
0,0,3,0,0,0,-1,-1,-1,-1,0,0,0,0,2,0
0,0,3,0,0,0,0,0,-1,-1,685,0,0,0,1,0
0,0,3,0,0,0,-1,-1,-1,-1,0,0,0,0,3,0
0,0,3,0,0,0,0,0,0,0,39494,0,0,-1,2,0
0,0,3,1,0,1,0,0,1,0,204408,0,0,0,4,0
0,0,3,0,0,0,0,0,0,0,59783,0,0,0,2,0
0,0,3,0,0,0,0,0,1,0,542584,0,0,-1,2,0
0,0,3,0,0,0,0,0,0,0,296476,0,0,-1,2,0
0,0,3,0,0,0,0,0,1,0,43324,0,0,-1,2,0
0,0,2,0,0,0,0,0,1,0,45900,0,0,-1,3,0
0,0,1,0,0,0,0,0,0,0,81835,0,0,0,3,0
0,0,3,0,0,0,0,0,0,0,36973,0,0,-1,3,0
0,0,2,0,0,0,0,0,0,0,25701,0,0,0,4,0
0,0,3,0,0,0,0,0,0,0,41538,0,0,0,2,0
0,0,3,0,0,0,0,0,0,0,70298,1,0,0,2,0
0,0,3,0,0,0,0,0,1,0,412770,0,0,0,2,0
0,0,3,0,0,0,0,0,1,0,18130,0,0,0,2,0
0,0,3,0,0,0,0,0,0,0,18556,0,0,0,2,0
0,0,2,0,0,0,0,0,0,0,90589,0,0,-1,2,0
0,0,3,0,0,0,0,0,0,0,113231,0,0,0,2,0
0,0,3,0,0,0,0,0,1,0,20857,0,0,0,2,0
0,0,3,0,0,0,0,0,1,0,18517,0,0,0,2,0
0,0,3,0,0,0,0,0,1,0,16265,0,0,0,2,0
0,0,3,0,0,0,0,0,1,0,18586,0,0,0,2,0
0,0,3,0,0,0,0,0,0,0,26487,0,0,-1,1,0
0,0,3,0,0,0,0,0,0,0,51079,0,0,0,3,0
0,0,3,0,0,0,0,0,1,0,16318,0,0,0,1,0
0,0,3,0,0,0,-1,-1,-1,-1,0,0,0,0,2,0
0,0,3,0,0,0,0,0,1,0,339719,0,0,0,2,0
0,0,3,0,0,0,0,0,1,0,16607,0,0,0,2,0
0,0,3,0,0,0,0,0,0,0,35628,0,0,-1,0,0
0,0,3,0,0,0,0,0,0,0,42874,0,0,-1,2,0
0,0,2,0,0,0,0,0,1,0,17218,0,0,0,1,0
0,0,3,0,0,0,0,0,1,0,812,0,0,-1,2,0
0,0,3,0,0,0,0,0,1,0,52526,0,0,0,2,0
0,0,3,0,0,0,0,0,1,0,102767,0,0,0,2,0
0,0,3,0,0,0,0,0,1,0,269874,0,0,0,2,0
0,0,3,0,0,0,-1,-1,-1,-1,0,0,0,-1,2,0
0,0,3,0,0,0,0,0,1,0,30271,0,0,0,2,0
0,0,3,0,0,0,0,0,1,0,57241,0,0,0,2,0
0,0,3,0,0,0,0,0,1,0,35516,0,0,0,2,0
0,0,3,0,0,0,0,0,1,0,47232,0,0,0,3,0
0,0,3,0,0,0,0,0,0,0,79755,0,0,0,3,0
0,0,3,0,0,0,0,0,0,0,126221,0,0,0,2,0
0,0,3,0,0,0,0,0,0,0,35516,0,0,0,4,0
0,0,3,0,0,0,-1,-1,-1,-1,0,1,0,0,2,0
0,0,3,0,0,0,0,0,1,0,3146,0,0,0,1,0
0,0,3,0,0,0,0,0,0,0,56406,0,0,0,3,0
0,0,3,0,0,0,0,0,1,0,79475,0,0,0,2,0
0,0,2,0,0,0,0,0,1,0,11029,0,0,-1,3,0
0,0,3,0,0,0,0,0,1,0,16633,0,0,-1,2,0
0,0,3,1,0,0,-1,-1,-1,-1,0,0,0,-1,0,0
0,0,2,0,0,0,-1,-1,-1,-1,0,0,0,0,1,0
0,0,3,0,0,0,0,0,1,0,48103,0,0,-1,2,0
0,0,3,0,0,0,0,0,1,0,22106,0,0,0,2,0
0,0,3,0,0,0,0,0,1,0,285,0,0,0,2,0
0,0,3,0,0,0,-1,-1,-1,-1,0,0,0,-1,0,0
0,0,3,0,0,0,0,0,1,0,77326,0,0,0,2,0
0,0,3,0,0,0,0,0,0,0,111709,0,0,0,2,0
0,0,2,0,0,0,0,0,0,0,8728,0,0,-1,0,0
0,0,3,1,0,0,0,0,1,0,62463,0,0,-1,2,0
0,0,3,0,0,0,0,0,1,0,52830,0,0,0,2,0
0,0,3,0,0,0,-1,-1,1,0,34762,0,0,0,2,0
0,0,3,1,0,0,0,0,1,0,289,0,0,-1,2,0
0,0,3,0,0,0,0,0,0,0,52087,0,0,0,3,0
0,0,2,0,0,0,0,0,0,0,75405,0,0,0,2,0
0,0,3,0,0,0,0,0,1,0,134198,0,0,-1,3,0
0,0,2,0,0,0,0,0,0,0,130349,0,0,0,2,0
0,0,3,0,0,0,0,0,1,0,108991,0,0,0,2,0
0,0,3,0,0,0,-1,-1,-1,-1,0,0,0,0,1,0
0,0,3,0,0,0,0,0,0,0,52755,0,0,-1,1,0
0,0,3,0,0,0,0,0,0,0,206891,0,0,0,2,0
0,0,3,0,0,0,0,0,0,0,86911,0,0,0,3,0
0,0,3,0,0,0,0,0,1,0,42548,0,0,0,2,0
0,0,2,0,0,0,0,0,0,0,23561,0,0,0,3,0
0,0,3,0,0,0,0,0,1,0,12584,0,0,0,2,0
0,0,3,0,0,0,0,0,1,0,90835,0,0,-1,2,0
0,0,3,0,0,0,0,0,0,0,54410,0,0,0,2,0
0,0,3,0,0,0,-1,-1,-1,-1,0,0,0,0,1,0
0,0,3,0,0,0,0,0,0,0,46771,0,0,0,3,0
0,0,3,0,0,0,0,0,-1,-1,140,0,0,0,2,0
0,0,2,0,0,0,0,0,0,0,4861,0,0,0,2,0
0,0,3,0,0,0,0,0,1,0,76239,0,0,0,2,0
0,0,2,0,0,0,0,0,1,0,18336,0,0,0,2,0
0,0,2,0,0,0,0,0,1,0,76239,0,0,0,2,0
0,0,3,0,0,0,0,0,1,0,331622,0,0,0,3,0
0,0,3,0,0,0,-1,-1,-1,-1,0,0,0,0,3,0
0,0,3,0,0,0,0,0,1,0,21986,0,0,0,2,0
0,0,3,0,0,0,0,0,1,0,135839,0,0,-1,2,0
0,0,3,0,0,1,0,0,1,0,433953,0,0,0,2,0
0,0,3,1,0,0,0,0,1,0,6539,0,0,0,2,0
0,0,3,0,0,0,0,0,1,0,173748,0,0,0,0,0
0,0,3,0,0,0,0,0,0,0,71399,0,0,-1,3,0
0,0,3,0,0,0,-1,-1,-1,-1,0,0,0,-1,2,0
0,0,3,0,0,0,0,0,1,0,2554,0,0,0,2,0
0,0,3,0,0,0,0,0,1,0,13093,0,0,0,2,0
0,0,3,0,0,0,0,0,1,0,405837,0,0,0,3,0
0,0,3,1,0,0,0,0,1,0,323301,0,0,0,2,0
0,0,3,0,0,0,-1,-1,-1,-1,0,0,0,0,2,0
0,0,3,0,0,0,0,0,1,0,9291,0,0,0,2,0
0,0,3,0,0,0,0,0,1,0,12962,0,0,0,3,0
0,0,3,0,0,0,-1,-1,-1,-1,0,1,0,0,2,0
0,0,3,0,0,0,0,0,0,0,132881,0,0,-1,2,0
0,0,3,0,0,0,-1,-1,-1,-1,0,0,0,0,2,0
0,0,3,0,0,0,0,0,0,0,135193,0,0,-1,3,0
0,0,3,0,0,0,0,0,1,0,442614,0,0,0,2,0
0,0,3,0,0,0,0,0,0,0,40033,0,0,0,2,0
0,0,3,0,0,0,0,0,0,0,41620,0,0,0,2,0
0,0,3,0,0,0,0,0,-1,-1,199,0,0,0,2,0
0,0,3,0,0,0,0,0,0,0,23535,0,0,0,2,0
0,0,3,0,0,0,0,0,1,0,273069,0,0,0,2,0
0,0,3,0,0,0,0,0,-1,-1,219,0,0,0,2,0
0,0,3,0,0,0,0,0,1,0,14551,0,0,0,2,0
0,0,3,0,0,0,0,0,0,0,120118,0,0,0,2,0
0,0,3,0,0,0,0,0,1,0,11083,0,0,0,2,0
0,0,3,0,0,0,0,0,0,0,217434,0,0,0,2,0
0,0,3,0,0,0,0,0,1,0,49162,0,0,0,3,0
0,0,3,0,0,0,0,0,0,0,103138,0,0,0,2,0
0,0,3,0,0,0,0,0,1,0,385559,0,0,-1,2,0
0,0,2,0,0,0,-1,-1,1,0,19823,0,0,-1,2,0
0,0,3,0,0,0,0,0,0,0,211458,0,0,0,2,0
0,0,3,0,0,0,0,0,1,0,521602,0,0,-1,2,0
0,0,3,0,0,0,0,0,1,0,113285,0,0,-1,2,0
0,0,3,0,0,0,0,0,1,0,84656,0,0,-1,3,0
0,0,3,0,0,0,0,0,1,0,2558,0,0,-1,0,0
0,0,3,0,0,1,0,0,1,0,627168,0,0,-1,2,0
0,0,2,0,0,0,0,0,1,0,41599,0,0,0,2,0
0,0,2,0,0,0,0,0,1,0,24397,0,0,0,0,0
0,0,3,0,0,0,0,0,1,0,15471,0,0,0,0,0
0,0,3,0,0,1,0,0,1,0,130092,0,0,-1,3,0
0,0,3,0,0,0,0,0,1,0,52500,0,0,0,4,0
0,0,3,1,0,0,0,0,-1,-1,219,0,0,-1,2,0
0,0,3,0,0,0,0,0,0,0,66331,0,0,0,2,0
0,0,3,0,0,0,-1,-1,0,0,29848,0,0,0,2,0
0,0,3,0,0,0,0,0,1,0,14814,0,0,0,2,0
0,0,3,0,0,0,0,0,0,0,9980,0,0,0,2,0
0,0,3,0,0,0,0,0,0,0,29247,0,0,0,2,0
0,0,3,0,0,0,0,0,0,0,29590,0,0,0,2,0
0,0,3,0,0,0,0,0,1,0,15658,0,0,0,2,0
0,0,3,0,0,0,0,0,1,0,62201,0,0,0,0,0
0,0,3,0,0,0,0,0,1,0,12124,0,0,0,2,0
0,0,3,0,0,0,0,0,0,0,17330,0,0,0,2,0
0,0,3,0,0,0,-1,-1,-1,-1,0,0,0,-1,2,0
0,0,3,0,0,0,-1,-1,-1,-1,0,1,0,0,2,0
0,0,3,0,0,0,0,0,1,0,31795,0,0,0,2,0
0,0,3,0,0,0,0,0,1,0,37089,0,0,0,2,0
0,0,3,0,0,0,0,0,1,0,12896,0,0,0,2,0
0,0,3,0,0,0,0,0,0,0,49209,0,0,-1,2,0
0,0,3,0,0,0,0,0,0,0,19382,0,0,-1,2,0
0,0,3,0,0,0,0,0,0,0,449561,0,0,0,2,0
0,0,2,0,0,0,-1,-1,-1,-1,0,0,0,-1,2,0
0,0,3,0,0,0,0,0,1,0,71400,0,0,0,2,0
0,0,3,0,0,0,0,0,0,0,33621,0,0,0,2,0
0,0,3,0,0,0,-1,-1,-1,-1,0,0,0,0,2,0
0,0,2,0,0,0,0,0,1,0,259632,0,0,-1,3,0
0,0,3,0,0,1,0,0,1,0,71672,0,0,0,2,0
0,0,3,0,0,0,-1,-1,-1,-1,0,0,0,0,1,0
0,0,3,0,0,0,0,0,-1,-1,140,0,0,0,2,0
0,0,3,0,0,1,0,0,0,0,43643,0,0,-1,2,0
0,0,3,0,0,0,-1,-1,-1,-1,0,0,0,0,3,0
0,0,2,0,0,0,0,0,0,0,48920,0,0,0,3,0
0,0,3,0,0,0,0,0,1,0,194676,0,0,0,2,0
0,0,3,0,0,0,0,0,1,0,616177,0,0,-1,3,0
0,0,2,0,0,0,0,0,0,0,66745,0,0,-1,3,0
0,0,3,0,0,0,0,0,0,0,40244,0,0,0,2,0
0,0,2,0,0,0,0,0,1,0,75725,0,0,0,2,0
0,0,3,0,0,0,0,0,0,0,84180,0,0,0,2,0
0,0,3,0,0,0,0,0,1,0,160319,0,0,0,2,0
0,0,3,0,0,0,0,0,1,0,22663,0,0,-1,4,0
0,0,3,0,0,0,0,0,0,0,12224,0,0,-1,2,0
0,0,3,0,0,0,0,0,-1,-1,165,0,0,0,2,0
0,0,3,0,0,0,0,0,0,0,10253,0,0,-1,0,0
0,0,3,0,0,0,0,0,1,0,15691,0,0,-1,2,0
0,0,3,0,0,0,0,0,1,0,32429,0,0,0,2,0
0,0,3,0,0,0,0,0,1,0,926,0,0,0,0,0
0,0,3,0,0,0,0,0,1,0,327355,0,0,-1,2,0
0,0,3,0,0,1,0,0,0,0,19331,0,0,-1,0,0
0,0,3,0,0,0,0,0,1,0,13127,0,0,0,2,0
0,0,3,0,0,0,0,0,1,0,146345,0,0,0,2,0
0,0,3,0,0,0,0,0,0,0,416380,0,0,0,2,0
0,0,3,0,0,0,0,0,0,0,406850,0,0,0,3,0
0,0,3,0,0,1,-1,-1,-1,-1,0,0,0,-1,2,0
0,0,3,0,0,0,0,0,-1,-1,140,0,0,0,2,0
0,0,3,0,0,0,0,0,1,0,11533,0,0,0,2,0
0,0,3,0,0,0,0,0,-1,-1,140,0,0,-1,2,0
0,0,3,1,0,0,0,0,1,0,103584,0,0,0,2,0
0,0,3,0,0,0,0,0,1,0,25176,0,0,-1,1,0
0,0,3,0,0,0,0,0,1,0,230172,0,0,0,2,0
0,0,3,0,0,0,0,0,-1,-1,140,0,0,-1,2,0
0,0,2,0,0,0,0,0,0,0,6865,0,0,0,2,0
0,0,3,0,0,0,0,0,0,0,127153,0,0,-1,2,0
0,0,3,0,0,0,0,0,-1,-1,1038,0,0,0,2,0
0,0,2,0,0,0,0,0,1,0,1316,0,0,0,2,0
0,0,3,0,0,0,0,0,0,0,121804,0,0,-1,2,0
0,0,2,0,0,0,0,0,1,0,141230,0,0,-1,2,0
0,0,3,0,0,0,0,0,1,0,19543,0,0,-1,2,0
0,0,2,0,0,0,0,0,-1,0,1577,0,0,-1,2,0
0,0,3,0,0,0,0,0,1,0,9848,0,0,-1,2,0
0,0,2,0,0,0,0,0,-1,0,1518,0,0,-1,1,0
0,0,3,0,0,0,0,0,1,0,69137,0,0,0,2,0
0,0,3,0,0,0,0,0,1,0,2905,0,0,0,2,0
0,0,2,0,0,0,0,0,0,0,53584,0,0,-1,2,0
0,0,3,1,0,0,0,0,1,0,274067,0,0,0,2,0
0,0,3,0,0,0,0,0,0,0,18713,0,0,0,2,0
0,0,3,0,0,0,-1,-1,-1,-1,0,0,0,0,1,0
0,0,3,0,0,0,0,0,1,0,65047,0,0,0,2,0
0,0,3,0,0,0,0,0,0,0,1235411,0,0,0,2,0
0,0,3,0,0,0,0,0,0,0,9289,0,0,0,2,0
0,0,3,1,0,0,0,0,1,0,16628,0,0,0,2,0
0,0,3,0,0,0,0,0,0,0,166808,0,0,0,2,0
0,0,3,0,0,0,0,0,0,0,11367,0,0,0,2,0
0,0,3,0,0,0,0,0,-1,-1,165,0,0,0,2,0
0,0,3,0,0,0,0,0,0,0,50148,0,0,0,2,0
0,0,3,0,0,0,0,0,1,0,2905,0,0,0,1,0
0,0,2,1,0,0,0,0,-1,-1,219,0,0,0,2,0
0,0,3,0,0,0,0,0,1,0,10267,0,0,0,2,0
0,0,3,0,0,0,0,0,-1,-1,140,0,0,0,2,0
0,0,3,0,0,0,0,0,0,0,9491,0,0,0,4,0
0,0,3,0,0,0,0,0,0,0,47722,0,0,-1,2,0
0,0,3,0,0,0,0,0,0,0,155266,0,0,-1,2,0
0,0,3,0,0,0,0,0,0,0,67391,0,0,-1,2,0
0,0,2,0,0,0,0,0,1,0,1296,0,0,-1,1,0
0,0,3,0,0,0,0,0,1,0,5828,0,0,0,4,0
0,0,3,0,0,0,0,0,1,0,16057,0,0,-1,3,0
0,0,3,0,0,0,0,0,0,0,27943,0,-1,0,2,0
0,0,3,0,0,0,0,0,1,0,13894,0,0,-1,2,0
0,0,3,1,0,0,0,0,1,0,10238,0,0,0,1,0
0,0,3,0,0,0,0,0,0,0,54963,0,0,-1,1,0
0,0,3,0,0,0,0,0,1,0,9828,0,0,0,2,0
0,0,3,1,0,0,0,0,1,0,17636,0,0,0,2,0
0,0,3,0,0,0,0,0,0,0,39396,0,0,0,2,0
0,0,3,0,0,0,0,0,1,0,16537,0,0,0,2,0
0,0,4,0,0,0,0,0,1,0,28910,0,0,0,3,0
0,0,3,0,0,0,0,0,0,0,29699,0,0,-1,1,0
0,0,3,0,0,0,0,0,0,0,11449,0,0,0,1,0
0,0,3,0,0,0,0,0,1,0,21790,0,0,0,2,0
0,0,3,0,0,0,0,0,1,0,8364,0,0,0,2,0
0,0,3,0,0,0,0,0,1,0,184786,0,0,-1,2,0
0,0,3,0,0,0,0,0,1,0,15438,0,0,0,2,0
0,0,3,1,0,0,0,0,1,0,22948,0,0,0,2,0
0,0,3,0,0,0,0,0,1,0,8327,0,0,0,2,0
0,0,3,0,0,0,0,0,0,0,137267,0,0,0,2,0
0,0,3,0,0,0,0,0,0,0,35941,0,0,0,2,0
0,0,3,0,0,0,0,0,1,0,9858,0,0,-1,2,0
0,0,3,0,0,0,-1,-1,-1,-1,0,0,0,-1,2,0
0,0,2,0,0,0,0,0,0,0,45357,0,0,-1,4,0
0,0,3,0,0,0,0,0,1,0,226603,0,0,0,2,0
0,0,2,0,0,0,0,0,1,0,102862,0,0,0,4,0
0,0,3,0,0,0,0,0,-1,-1,165,0,0,-1,2,0
0,0,3,0,0,0,0,0,-1,-1,219,0,0,-1,2,0
0,0,3,0,0,0,0,0,1,0,4608,0,0,-1,1,0
0,0,3,0,0,0,0,0,1,0,348916,0,0,0,2,0
0,0,3,0,0,0,0,0,0,0,135437,0,0,-1,2,0
0,0,3,0,0,0,0,0,0,0,13804,0,0,-1,2,0
0,0,3,0,0,0,0,0,1,0,3620,0,0,0,2,0
0,0,3,0,0,0,0,0,-1,-1,219,0,0,-1,3,0
0,0,3,0,0,0,0,0,0,0,19039,0,0,0,2,0
0,0,3,0,0,0,0,0,0,0,50937,0,0,0,2,0
0,0,3,0,0,0,0,0,1,0,573342,0,0,0,3,0
0,0,3,0,0,0,0,0,1,0,466003,0,0,0,2,0
0,0,3,0,0,1,0,0,1,0,51679,0,0,0,2,0
0,0,3,0,0,0,0,0,1,0,23783,0,0,0,1,0
0,0,3,0,0,0,0,0,0,0,14857,0,0,0,3,0
0,0,3,0,0,0,0,0,1,0,47973,0,0,0,3,0
0,0,3,0,0,0,0,0,1,0,61617,0,0,0,3,0
0,0,3,0,0,0,0,0,1,0,24536,0,0,0,2,0
0,0,3,0,0,1,0,0,0,0,393326,0,0,0,2,0
0,0,3,0,0,0,0,0,-1,-1,63,0,0,0,2,0
0,0,2,0,0,0,0,0,1,0,2268,0,0,0,2,0
0,0,3,0,0,0,0,0,0,0,26981,0,0,0,2,0
0,0,3,0,0,0,0,0,1,0,2558,0,0,0,2,0
0,0,3,0,0,0,-1,-1,-1,-1,0,0,0,-1,2,0
0,0,3,0,0,0,0,0,0,0,11761,0,0,-1,2,0
0,0,3,0,0,0,0,0,1,0,558,0,0,-1,2,0
0,0,3,1,0,0,0,0,1,0,10310,1,0,-1,3,0
0,0,3,0,0,0,0,0,1,0,113210,0,0,-1,2,0
0,0,3,0,0,0,0,0,1,0,7862,0,0,0,2,0
0,0,3,0,0,0,0,0,1,0,130735,0,0,0,2,0
0,0,3,0,0,0,-1,-1,1,0,64103,0,0,0,2,0
0,0,3,0,0,0,-1,-1,-1,-1,0,0,0,0,2,0
0,0,3,0,0,0,0,0,0,0,38771,0,0,-1,2,0
0,0,3,0,0,0,0,0,-1,-1,7391,0,0,0,2,0
0,0,2,0,0,0,0,0,1,0,42325,0,0,0,1,0
0,0,3,0,0,0,0,0,1,0,342225,0,0,0,2,0
0,0,4,0,0,0,0,0,1,0,47432,0,0,0,2,0
0,0,3,0,0,0,0,0,0,0,231647,0,0,0,3,0
0,0,3,0,0,0,0,0,0,0,8494,0,0,0,2,0
0,0,3,0,0,0,0,0,0,0,44542,0,0,0,2,0
0,0,3,0,0,0,0,0,0,0,52978,0,0,0,2,0
0,0,2,0,0,0,0,0,1,0,8484,0,0,0,2,0
0,0,3,1,0,0,0,0,1,0,1117646,0,0,0,0,0
0,0,3,0,0,0,0,0,-1,-1,682,0,0,0,2,0
0,0,3,0,0,0,-1,-1,-1,-1,0,0,0,-1,0,0
0,0,3,0,0,0,0,0,0,0,257042,0,0,-1,2,0
0,0,3,0,0,0,0,0,-1,-1,199,0,0,-1,2,0
0,0,3,0,0,0,0,0,1,0,6721,0,0,0,2,0
0,0,3,0,0,0,0,0,1,0,87089,0,0,0,2,0
0,0,3,0,0,0,0,0,1,0,32355,0,0,-1,2,0
0,0,3,0,0,0,0,0,0,0,78711,0,0,0,2,0
0,0,3,0,0,0,0,0,-1,-1,140,0,0,-1,2,0
0,0,3,0,0,0,0,0,1,0,44991,0,0,-1,2,0
0,0,3,1,0,0,0,0,1,0,97697,0,0,0,2,0
0,0,3,0,0,0,0,0,1,0,28432,0,0,-1,3,0
0,0,3,0,0,0,0,0,0,0,28432,0,0,-1,4,0
0,0,2,0,0,0,-1,-1,-1,-1,0,0,0,0,0,0
0,0,3,0,0,0,0,0,0,0,198349,0,0,0,3,0
0,0,3,0,0,0,0,0,0,0,35620,0,0,0,3,0
0,0,2,0,0,0,0,0,1,0,2552,0,0,-1,2,0
0,0,3,0,0,0,0,0,1,0,20219,0,0,-1,3,0
0,0,3,0,0,0,0,0,0,0,50618,0,0,-1,1,0
0,0,3,0,0,0,0,0,0,0,28285,0,0,-1,3,0
0,0,3,0,0,0,0,0,-1,-1,199,0,0,0,2,0
0,0,3,0,0,0,0,0,1,0,16585,0,0,0,2,0
0,0,3,0,0,0,0,0,-1,-1,185,0,0,-1,3,0
0,0,3,0,0,0,0,0,1,0,1041,0,0,0,3,0
0,0,4,0,0,0,0,0,1,0,36753,0,0,-1,4,0
0,0,3,0,0,0,0,0,0,0,51845,0,0,0,2,0
0,0,3,0,0,0,0,0,1,0,4002,0,0,0,2,0
0,0,3,0,0,0,0,0,1,0,4020,0,0,0,1,0
0,0,3,0,0,0,0,0,1,0,259849,0,0,0,3,0
0,0,3,0,0,0,0,0,1,0,438224,0,0,0,2,0
0,0,2,0,0,0,0,0,0,0,110820,0,0,-1,2,0
0,0,3,0,0,0,-1,-1,-1,-1,0,0,0,-1,2,0
0,0,2,0,0,0,0,0,0,0,101443,0,0,-1,2,0
0,0,3,0,0,0,0,0,0,0,22197,0,0,0,2,0
0,0,3,0,0,0,0,0,1,0,3620,0,0,0,2,0
0,0,3,0,0,0,0,0,0,0,15953,0,0,0,2,0
0,0,3,0,0,0,0,0,1,0,2552,0,0,-1,2,0
0,0,2,0,0,0,0,0,0,0,85100,0,0,0,2,0
0,0,3,0,0,0,0,0,0,0,47233,0,0,-1,2,0
0,0,3,0,0,0,0,0,-1,-1,213,0,0,0,4,0
0,0,3,0,0,0,0,0,-1,-1,213,0,0,-1,4,0
0,0,3,0,0,0,0,0,0,0,111611,0,0,-1,2,0
0,0,3,0,0,0,0,0,0,0,211891,0,0,-1,3,0
0,0,3,0,0,0,0,0,1,0,134040,0,0,-1,2,0
0,0,3,0,0,1,0,0,-1,-1,1651,0,0,0,3,0
0,0,3,0,0,0,0,0,1,0,135084,0,0,-1,2,0
0,0,2,0,0,0,0,0,-1,-1,1166,0,0,0,2,0
0,0,3,0,0,0,0,0,1,0,107682,0,0,-1,2,0
0,0,3,0,0,0,0,0,1,0,149452,0,0,-1,2,0
0,0,2,0,0,0,-1,-1,-1,-1,0,0,0,0,4,0
0,0,3,1,0,0,0,0,1,0,65434,0,0,0,3,0
0,0,3,0,0,0,0,0,0,0,56833,0,0,0,3,0
0,0,3,0,0,0,0,0,1,0,36820,0,0,-1,3,0
0,0,3,0,0,0,0,0,0,0,44330,0,0,-1,4,0
0,0,3,0,0,0,0,0,1,0,64324,0,0,0,4,0
0,0,3,0,0,0,0,0,0,0,34161,0,0,0,4,0
0,0,3,0,0,0,0,0,1,0,54566,0,0,0,4,0
0,0,3,0,0,0,0,0,1,0,30529,0,0,0,3,0
0,0,3,0,0,0,0,0,-1,-1,7405,0,0,0,1,0
0,0,3,0,0,0,0,0,-1,-1,165,0,0,-1,0,0
0,0,3,0,0,0,0,0,0,0,27133,0,0,-1,0,0
0,0,2,0,0,0,0,0,-1,-1,207,0,0,-1,2,0
0,0,3,0,0,0,0,0,0,0,73603,0,0,-1,2,0
0,0,3,0,0,0,0,0,1,0,100277,0,0,0,0,0
0,0,3,0,0,0,0,0,1,0,100277,0,0,0,2,0
0,0,3,0,0,0,0,0,0,0,47208,0,0,0,2,0
0,0,3,0,0,0,-1,-1,-1,-1,0,0,0,-1,2,0
0,0,3,0,0,0,0,0,0,0,18271,0,0,0,2,0
0,0,2,0,0,0,0,0,1,0,467,0,0,0,2,0
0,0,3,0,0,0,0,0,0,0,276326,0,0,0,4,0
0,0,3,0,0,0,0,0,1,0,152713,0,0,0,3,0
0,0,3,0,0,0,0,0,-1,-1,319,0,0,-1,2,0
0,0,3,0,0,0,0,0,1,0,94981,0,0,0,2,0
0,0,3,0,0,0,0,0,1,0,47919,0,0,0,2,0
0,0,3,0,0,0,0,0,1,0,167564,0,0,-1,1,0
0,0,2,0,0,0,0,0,-1,-1,677,0,0,-1,2,0
0,0,3,0,0,0,0,0,1,0,625318,0,0,-1,2,0
0,0,3,0,0,0,0,0,1,0,174940,0,0,0,2,0
0,0,3,0,0,0,0,0,0,0,11986,0,0,0,2,0
0,0,3,0,0,0,0,0,1,0,15571,0,0,0,2,0
0,0,3,0,0,0,0,0,0,0,28876,0,0,0,2,0
0,0,3,0,0,0,0,0,0,0,55957,0,0,0,2,0
0,0,3,0,0,0,0,0,0,0,26993,0,0,0,2,0
0,0,2,0,0,0,-1,-1,-1,-1,0,0,0,0,4,0
0,0,3,0,0,0,0,0,-1,-1,213,0,0,-1,4,0
0,0,3,0,0,0,0,0,1,0,130259,0,0,0,6,0
0,0,3,0,0,1,0,0,1,0,36454,0,0,-1,2,0
0,0,2,0,0,0,-1,-1,-1,-1,0,0,0,0,3,0
0,0,3,0,0,1,0,0,1,0,24685,0,0,-1,2,0
0,0,3,0,0,0,0,0,1,0,6491,0,0,0,2,0
0,0,3,0,0,0,0,0,0,0,180073,0,0,0,4,0
0,0,3,0,0,0,0,0,0,0,89295,0,0,0,4,0
0,0,3,0,0,1,0,0,0,0,68258,0,0,-1,4,0
0,0,3,0,0,0,0,0,0,0,481305,0,0,-1,2,0
0,0,2,0,0,0,0,0,1,0,28225,0,0,0,3,0
0,0,3,0,0,0,0,0,0,0,82499,0,0,0,2,0
0,0,3,0,0,0,0,0,-1,-1,200,0,0,-1,2,0
0,0,3,0,0,0,0,0,1,0,205901,0,0,-1,0,0
0,0,3,0,0,0,0,0,-1,-1,140,0,0,0,1,0
0,0,3,0,0,0,0,0,0,0,945366,0,0,-1,3,0
0,0,2,0,0,0,0,0,0,0,114265,0,0,0,2,0
0,0,2,0,0,0,0,0,1,0,1001,1,0,-1,2,0
0,0,3,0,0,0,-1,-1,-1,-1,0,0,0,-1,2,0
0,0,3,0,0,0,0,0,0,0,26213,0,0,0,2,0
0,0,2,0,0,0,0,0,-1,0,247,0,0,0,2,0
0,0,3,0,0,0,-1,-1,-1,-1,0,0,0,0,1,0
0,0,3,1,0,0,0,0,1,0,594,0,0,0,3,0
0,0,2,0,0,1,0,0,0,0,275820,0,0,-1,2,0
0,0,3,0,0,0,0,0,1,0,104878,0,0,-1,2,0
0,0,3,0,0,0,0,0,1,0,11208,0,0,-1,3,0
0,0,4,0,0,1,0,0,1,0,327531,0,0,0,2,0
0,0,3,0,0,1,0,0,0,0,84671,0,0,0,2,0
0,0,3,0,0,1,0,0,-1,0,376,0,0,0,2,0
0,0,3,0,0,1,0,0,1,0,93276,0,0,0,2,0
0,0,3,0,0,1,0,0,1,0,27282,0,0,0,2,0
0,0,3,0,0,0,0,0,-1,-1,165,0,0,0,2,0
0,0,1,0,0,0,0,0,1,0,7345,0,0,-1,4,0
0,0,3,0,0,1,0,0,0,0,30199,0,0,0,2,0
0,0,3,0,0,0,0,0,1,0,666,0,0,0,2,0
0,0,4,0,0,1,0,0,0,0,4010,0,0,-1,2,0
0,0,3,0,0,1,0,0,1,0,9443,0,0,-1,1,0
0,0,2,0,0,0,0,0,1,0,7319,0,0,0,2,0
0,0,2,0,0,0,0,0,1,0,2552,0,0,-1,0,0
0,0,2,0,0,0,0,0,0,0,14100,0,0,-1,2,0
0,0,3,0,0,0,0,0,0,0,838160,0,0,0,2,0
0,0,3,0,0,0,0,0,1,0,15521,0,0,-1,2,0
0,0,3,0,0,0,0,0,0,0,28447,0,0,-1,2,0
0,0,3,0,0,0,0,0,1,0,11354,0,0,0,2,0
0,0,3,0,0,0,0,0,0,0,39650,0,0,0,2,0
0,0,3,0,0,0,0,0,1,0,10020,0,0,0,2,0
0,0,3,0,0,0,0,0,1,0,751,0,0,0,2,0
0,0,3,0,0,0,0,0,0,0,32509,0,0,0,2,0
0,0,3,0,0,0,0,0,0,0,69261,0,0,0,2,0
0,0,3,0,0,0,0,0,0,0,58373,0,0,-1,2,0
0,0,2,0,0,0,0,0,1,0,113266,0,0,-1,2,0
0,0,3,0,0,0,0,0,-1,-1,140,0,0,0,3,0
0,0,3,0,0,0,0,0,1,0,44018,0,0,0,2,0
0,0,4,0,0,0,0,0,1,0,702,0,0,0,3,0
0,0,4,0,0,0,-1,-1,-1,-1,0,0,0,0,4,0
0,0,3,0,0,0,0,0,1,0,42101,0,0,0,4,0
0,0,3,0,0,0,0,0,0,0,48952,0,0,0,5,0
0,0,3,0,0,0,0,0,0,0,169700,0,0,0,4,0
0,0,3,0,0,0,0,0,0,0,25320,0,0,-1,3,0
0,0,3,0,0,0,0,0,0,0,9145,1,0,-1,3,0
0,0,3,0,0,0,0,0,0,0,27779,0,0,-1,3,0
0,0,3,0,0,0,0,0,1,0,13256,0,0,0,2,0
0,0,3,0,0,0,0,0,-1,-1,219,0,0,0,4,0
0,0,3,0,0,0,0,0,1,0,44038,0,0,-1,2,0
0,0,2,0,0,0,0,0,0,0,37381,0,0,-1,4,0
0,0,2,0,0,0,-1,-1,-1,-1,0,0,0,0,2,0
0,0,3,0,0,1,-1,-1,-1,-1,0,0,0,-1,2,0
0,0,3,0,0,0,-1,-1,-1,-1,0,0,0,0,3,0
0,0,3,0,0,0,0,0,0,0,6455,0,0,-1,2,0
0,0,3,0,0,0,0,0,1,0,169842,0,0,-1,4,0
0,0,2,0,0,0,0,0,0,0,37381,0,0,-1,4,0
0,0,2,0,0,0,0,0,0,0,170522,0,0,0,3,0
0,0,3,0,0,0,0,0,1,0,527536,0,0,0,3,0
0,0,3,0,0,1,0,0,0,0,268897,0,0,-1,3,0
0,0,3,0,0,0,0,0,1,0,257260,0,0,-1,4,0
0,0,3,0,0,0,0,0,0,0,45976,0,0,-1,4,0
0,0,3,0,0,0,0,0,1,0,32912,0,0,0,3,0
0,0,3,0,0,0,0,0,1,0,40473,0,0,-1,2,0
0,0,3,0,0,0,0,0,0,0,83172,0,0,-1,2,0
0,0,3,0,0,0,0,0,0,0,226351,0,0,0,3,0
0,0,3,0,0,0,0,0,1,0,31045,0,0,0,2,0
0,0,3,0,0,0,0,0,0,0,37901,0,0,0,3,0
0,0,3,0,0,0,0,0,0,0,82640,0,0,-1,2,0
0,0,3,0,0,0,0,0,1,0,130259,0,0,0,6,0
0,0,3,0,0,0,0,0,0,0,667940,0,0,-1,3,0
0,0,3,1,0,0,0,0,1,0,26932,0,0,-1,3,0
0,0,3,0,0,0,0,0,-1,-1,316,0,0,-1,1,0
0,0,3,0,0,0,0,0,1,0,129517,0,0,-1,3,0
0,0,3,0,0,0,0,0,1,0,188267,0,0,-1,4,0
0,0,3,0,0,0,0,0,0,0,120683,0,0,0,4,0
0,0,1,0,0,0,0,0,1,0,43907,0,0,-1,3,0
0,0,3,0,0,0,0,0,0,0,30934,0,0,0,3,0
0,0,3,0,0,0,0,0,1,0,152149,0,0,0,1,0
0,0,2,0,0,0,0,0,0,0,99334,0,0,0,3,0
0,0,2,0,0,0,0,0,1,0,112577,1,0,-1,1,0
0,0,3,0,0,0,0,0,1,0,58219,0,0,0,2,0
0,0,2,0,0,0,0,0,0,0,70101,0,0,0,4,0
0,0,3,0,0,0,0,0,0,0,36741,0,0,0,2,0
0,0,3,1,0,0,0,0,1,0,88176,0,0,-1,2,0
0,0,2,0,0,0,0,0,-1,-1,144,1,0,-1,2,0
0,0,3,0,0,0,0,0,0,0,404760,0,0,-1,3,0
0,0,1,0,0,0,0,0,-1,-1,663,0,0,0,3,0
0,0,3,0,0,0,0,0,0,0,59554,0,0,-1,2,0
0,0,3,0,0,1,0,0,0,0,27881,0,0,-1,1,0
0,0,2,0,0,0,-1,-1,-1,-1,0,0,0,-1,3,0
0,0,3,0,0,0,0,0,0,0,970338,0,0,0,3,0
0,0,3,0,0,1,0,0,1,0,57709,0,0,-1,2,0
0,0,3,0,0,0,0,0,1,0,371210,0,0,-1,2,0
0,0,3,0,0,0,0,0,0,0,179860,0,0,0,2,0
0,0,3,0,0,0,0,0,1,0,220736,0,0,0,2,0
0,0,3,0,0,0,0,0,1,0,313973,0,0,-1,2,0
0,0,2,0,0,0,-1,-1,-1,-1,0,1,0,-1,1,0
0,0,3,0,0,0,0,0,0,0,259613,0,0,0,2,0
0,0,3,0,0,0,0,0,0,0,208028,0,0,-1,3,0
0,0,3,0,0,0,-1,-1,-1,-1,0,0,0,-1,3,0
0,0,3,0,0,0,0,0,-1,-1,140,0,0,-1,2,0
0,0,3,0,0,0,0,0,-1,-1,140,0,0,0,2,0
0,0,3,0,0,0,0,0,0,0,99140,0,0,-1,2,0
0,0,3,0,0,0,0,0,1,0,480266,0,0,-1,2,0
0,0,3,0,0,0,-1,-1,1,0,88462,0,0,-1,3,0
0,0,3,0,0,0,0,0,0,0,24524,0,0,0,2,0
0,0,3,0,0,0,-1,-1,-1,-1,0,0,0,-1,2,0
0,0,1,1,0,0,0,0,1,0,163100,0,0,-1,2,0
0,0,3,0,0,0,0,0,0,0,7705,0,0,-1,2,0
0,0,3,0,0,0,0,0,1,0,205601,0,0,-1,4,0
0,0,3,0,0,0,0,0,0,0,237967,0,0,0,3,0
0,0,3,0,0,0,0,0,0,0,55526,0,0,0,2,0
0,0,3,0,0,0,0,0,0,0,197604,0,0,-1,1,0
0,0,3,0,0,0,0,0,1,0,171884,0,0,-1,4,0
0,0,3,0,0,0,0,0,0,0,72441,0,0,0,2,0
0,0,3,0,0,0,0,0,0,0,51119,0,0,-1,2,0
0,0,3,0,0,0,0,0,0,0,8139,0,0,0,2,0
0,0,2,0,0,0,0,0,1,0,28360,0,0,0,2,0
0,0,3,0,0,1,-1,-1,-1,-1,0,0,0,-1,2,0
0,0,3,1,0,1,0,0,1,0,66603,0,0,0,2,0
0,0,3,0,0,0,0,0,0,0,25246,0,0,-1,2,0
0,0,3,0,0,0,0,0,1,0,5531,0,0,0,2,0
0,0,3,0,0,0,0,0,1,0,36825,0,0,-1,2,0
0,0,3,0,0,0,0,0,1,0,13499,0,0,0,2,0
0,0,3,0,0,0,0,0,1,0,18279,0,0,0,2,0
0,0,3,1,0,0,-1,-1,-1,-1,0,0,0,0,2,0
0,0,3,0,0,0,0,0,1,0,14754,0,0,0,1,0
0,0,2,0,0,0,0,0,0,0,136438,0,0,-1,3,0
0,0,3,0,0,0,0,0,1,0,18402,0,0,0,2,0
0,0,3,0,0,0,0,0,1,0,16514,0,0,0,2,0
0,0,3,0,0,0,0,0,0,0,84883,0,0,0,2,0
0,0,3,0,0,0,0,0,1,0,71127,0,0,0,2,0
0,0,3,0,0,0,0,0,1,0,296013,0,0,-1,3,0
0,0,3,0,0,0,0,0,1,0,15481,0,0,0,2,0
0,0,3,0,0,0,-1,-1,-1,-1,0,0,0,0,3,0
0,0,3,0,0,0,0,0,1,0,40296,0,0,0,2,0
0,0,3,0,0,0,0,0,1,0,15479,0,0,0,2,0
0,0,3,0,0,0,0,0,1,0,28420,0,0,-1,3,0
0,0,3,0,0,0,-1,-1,1,0,26086,0,0,-1,2,0
0,0,1,0,0,0,0,0,1,0,2905,0,0,-1,3,0
0,0,3,0,0,0,0,0,1,0,20699,0,0,0,3,0
0,0,2,0,0,0,0,0,1,0,24945,0,0,0,4,0
0,0,3,0,0,0,0,0,0,0,29886,0,0,0,4,0
0,0,3,0,0,0,0,0,1,0,246515,0,0,0,3,0
0,0,1,0,0,0,0,0,0,0,52082,0,0,0,4,0
0,0,3,0,0,0,-1,-1,1,0,196408,0,0,0,2,0
0,0,3,0,0,0,0,0,0,0,71094,0,0,-1,2,0
0,0,3,0,0,0,0,0,0,0,11173,0,0,-1,2,0
0,0,3,0,0,0,0,0,1,0,18877,0,0,0,2,0
0,0,3,0,0,1,0,0,0,0,42174,0,0,0,2,0
0,0,3,0,0,0,0,0,0,0,17379,0,0,0,2,0
0,0,3,0,0,0,0,0,0,0,67844,0,0,0,2,0
0,0,3,0,0,0,0,0,1,0,1501,0,0,-1,2,0
0,0,3,0,0,0,0,0,1,0,309,0,0,0,2,0
0,0,2,0,0,0,0,0,0,0,48916,0,0,-1,4,0
0,0,3,0,0,0,0,0,0,0,71057,0,0,-1,2,0
0,0,3,0,0,0,0,0,1,0,65880,0,0,0,2,0
0,0,3,0,0,0,0,0,1,0,365831,0,0,-1,3,0
0,0,3,0,0,0,0,0,1,0,40855,0,0,0,3,0
0,0,3,0,0,0,0,0,0,0,47462,0,0,-1,2,0
0,0,3,0,0,0,0,0,0,0,85727,0,0,0,1,0
0,0,3,0,0,0,0,0,-1,-1,140,0,0,0,2,0
0,0,3,0,0,0,0,0,1,0,13647,0,0,-1,1,0
0,0,3,0,0,0,0,0,0,0,43240,0,0,-1,3,0
0,0,3,0,0,0,-1,-1,-1,-1,0,0,0,-1,0,0
0,0,3,0,0,0,0,0,0,0,121663,0,0,0,2,0
0,0,3,0,0,0,0,0,1,0,190416,0,0,0,2,0
0,0,3,0,0,0,0,0,1,0,298558,0,0,0,1,0
0,0,3,1,0,0,0,0,1,0,37906,0,0,-1,2,0
0,0,3,0,0,0,0,0,1,0,35556,0,0,-1,2,0
0,0,3,0,0,0,-1,-1,-1,-1,0,0,0,-1,2,0
0,0,2,0,0,0,0,0,0,0,37522,0,0,0,4,0
0,0,3,0,0,0,0,0,1,0,55555,0,0,-1,3,0
0,0,3,0,0,0,0,0,0,0,31267,0,0,-1,3,0
0,0,2,0,0,0,0,0,0,0,200950,0,0,-1,3,0
0,0,3,0,0,0,0,0,0,0,115207,0,0,-1,2,0
0,0,3,0,0,0,0,0,0,0,9307,0,0,-1,2,0
0,0,3,0,0,0,0,0,1,0,32703,0,0,0,2,0
0,0,3,0,0,1,0,0,1,0,542178,0,0,-1,2,0
0,0,3,1,0,0,0,0,-1,-1,1112,0,0,0,4,0
0,0,3,0,0,0,0,0,1,0,10424,0,0,-1,2,0
0,0,3,0,0,0,0,0,1,0,1041,0,0,0,2,0
0,0,3,0,0,0,0,0,1,0,18060,0,0,0,2,0
0,0,3,0,0,0,0,0,0,0,32543,0,0,0,2,0
0,0,2,0,0,0,0,0,0,0,24899,0,0,0,5,0
0,0,3,0,0,0,0,0,0,0,25538,0,0,-1,4,0
0,0,4,0,0,0,0,0,1,0,73507,0,0,0,3,0
0,0,3,0,0,0,0,0,0,0,132569,0,0,0,2,0
0,0,3,0,0,0,0,0,0,0,146406,0,0,-1,3,0
0,0,3,1,0,0,0,0,1,0,77476,0,0,0,2,0
0,0,3,0,0,0,0,0,0,0,76171,0,0,0,2,0
0,0,2,0,0,0,0,0,1,0,168018,0,0,-1,2,0
0,0,3,0,0,0,0,0,1,0,142201,0,0,0,2,0
0,0,3,0,0,0,0,0,0,0,162299,0,0,0,3,0
0,0,3,0,0,0,0,0,1,0,16530,0,0,0,0,0
0,0,3,0,0,0,0,0,1,0,155546,0,0,0,2,0
0,0,3,0,0,0,-1,-1,-1,-1,0,0,0,0,2,0
0,0,3,0,0,1,0,0,1,0,13026,0,0,-1,2,0
0,0,3,0,0,0,0,0,0,0,28601,0,0,-1,3,0
0,0,3,0,0,0,0,0,0,0,32951,0,0,0,2,0
0,0,3,0,0,0,0,0,1,0,142122,0,0,0,3,0
0,0,3,0,0,0,0,0,0,0,68228,0,0,0,2,0
0,0,3,0,0,0,0,0,1,0,14896,0,0,-1,2,0
0,0,3,0,0,0,0,0,1,0,153842,0,0,0,2,0
0,0,3,0,0,0,0,0,-1,-1,140,0,0,0,2,0
0,0,3,0,0,0,0,0,0,0,145475,0,0,0,2,0
0,0,3,0,0,0,0,0,0,0,112862,0,0,0,2,0
0,0,3,0,0,0,0,0,-1,-1,140,0,0,0,2,0
0,0,3,0,0,0,0,0,0,0,145476,0,0,0,2,0
0,0,3,0,0,0,0,0,1,0,160054,0,0,0,2,0
0,0,3,0,0,0,0,0,0,0,280204,0,0,0,2,0
0,0,3,0,0,0,0,0,1,0,190317,0,0,0,2,0
0,0,3,0,0,0,0,0,0,0,154043,0,0,0,2,0
0,0,3,0,0,0,0,0,0,0,150159,0,0,0,2,0
0,0,2,0,0,0,0,0,-1,-1,262,0,0,0,2,0
0,0,3,1,0,0,0,0,1,0,30775,0,0,0,2,0
0,0,3,0,0,0,0,0,1,0,17394,0,0,0,2,0
0,0,3,0,0,0,0,0,0,0,30907,0,0,0,2,0
0,0,2,0,0,0,-1,-1,-1,-1,0,0,0,-1,0,0
0,0,3,0,0,0,0,0,0,0,168967,0,0,-1,2,0
0,0,3,0,0,0,0,0,1,0,79415,0,0,-1,0,0
0,0,3,0,0,0,0,0,0,0,32847,0,0,0,2,0
0,0,3,0,0,0,0,0,0,0,129777,0,0,-1,2,0
0,0,3,0,0,0,0,0,1,0,105954,0,0,-1,2,0
0,0,3,0,0,0,0,0,1,0,147277,0,0,-1,2,0
0,0,3,0,0,0,0,0,1,0,5185,0,0,-1,2,0
0,0,3,0,0,1,0,0,0,0,99055,0,0,0,3,0
0,0,3,0,0,0,0,0,1,0,106310,0,0,0,2,0
0,0,3,0,0,0,0,0,0,0,358136,0,0,0,2,0
0,0,3,0,0,0,0,0,1,0,30244,0,0,0,2,0
0,0,3,0,0,0,0,0,1,0,140283,0,0,0,2,0
0,0,3,0,0,0,-1,-1,-1,-1,0,0,0,-1,1,0
0,0,3,0,0,0,0,0,0,0,96487,0,0,-1,2,0
0,0,2,0,0,0,0,0,1,0,101280,0,0,0,2,0
0,0,3,0,0,0,0,0,1,0,112352,0,0,0,2,0
0,0,3,0,0,1,0,0,1,0,75216,0,0,-1,2,0
0,0,3,0,0,0,0,0,1,0,502,0,0,0,4,0
0,0,3,0,0,0,0,0,1,0,71277,0,0,0,3,0
0,0,3,0,0,0,0,0,0,0,33836,0,0,0,2,0
0,0,2,0,0,0,0,0,0,0,40221,0,0,0,4,0
0,0,3,0,0,0,0,0,1,0,308923,0,0,-1,4,0
0,0,3,0,0,0,0,0,-1,-1,140,0,0,0,2,0
0,0,3,0,0,0,0,0,1,0,28015,0,0,-1,4,0
0,0,3,0,0,0,0,0,1,0,9150,0,0,-1,2,0
0,0,3,0,0,0,0,0,1,0,62361,0,0,-1,2,0
0,0,2,0,0,0,0,0,1,0,50723,0,0,-1,2,0
0,0,3,0,0,1,0,0,0,0,180145,0,0,-1,3,0
0,0,3,0,0,1,0,0,-1,-1,219,0,0,0,4,0
0,0,3,0,0,0,0,0,1,0,49866,0,0,-1,2,0
0,0,3,0,0,1,0,0,0,0,33321,0,0,-1,2,0
0,0,3,0,0,1,0,0,-1,-1,1883,0,0,0,2,0
0,0,3,0,0,0,0,0,0,0,42095,0,0,0,2,0
0,0,3,0,0,1,-1,-1,-1,-1,0,0,0,-1,1,0
0,0,2,0,0,1,0,0,0,0,523742,0,0,-1,2,0
0,0,3,0,0,0,0,0,1,0,34277,0,0,0,4,0
0,0,3,0,0,0,0,0,1,0,159145,0,0,0,3,0
0,0,3,0,0,0,0,0,0,0,10764,0,0,0,2,0
0,0,3,0,0,0,0,0,1,0,153780,0,0,0,3,0
0,0,3,0,0,1,0,0,1,0,1103,0,0,-1,0,0
0,0,2,0,0,0,0,0,1,0,181636,0,0,0,3,0
0,0,3,0,0,0,0,0,0,0,11988,0,0,0,3,0
0,0,3,0,0,0,0,0,1,0,168491,0,0,-1,2,0
0,0,3,0,0,0,0,0,0,0,121038,0,0,-1,2,0
0,0,3,1,0,0,0,0,1,0,56287,0,0,-1,2,0
0,0,3,0,0,0,0,0,1,0,56051,0,0,-1,2,0
0,0,3,0,0,0,0,0,0,0,29971,0,0,0,2,0
0,0,2,0,0,0,0,0,0,0,25031,0,0,-1,2,0
0,0,2,0,0,0,0,0,1,0,38546,0,0,0,2,0
0,0,3,0,0,0,0,0,1,0,12133,0,0,0,2,0
0,0,3,0,0,0,0,0,1,0,39016,0,0,-1,2,0
0,0,3,0,0,0,0,0,1,0,54098,0,0,0,2,0
0,0,3,0,0,0,0,0,0,0,46543,0,0,0,3,0
0,0,3,0,0,0,0,0,0,0,16706,0,0,0,2,0
0,0,2,0,0,0,0,0,0,0,212274,0,-1,-1,2,0
0,0,3,0,0,0,0,0,0,0,203726,0,0,0,1,0
0,0,2,1,0,0,0,0,-1,-1,110,0,0,-1,1,0
0,0,2,0,0,0,0,0,-1,0,132,0,0,-1,2,0
0,0,3,0,0,0,0,0,0,0,111596,0,0,0,2,0
0,0,3,0,0,0,0,0,0,0,12988,0,0,-1,2,0
0,0,3,0,0,1,0,0,1,0,104372,0,0,-1,2,0
0,0,3,0,0,0,0,0,1,0,926,0,0,0,4,0
0,0,3,0,0,0,0,0,1,0,43153,0,0,0,3,0
0,0,3,0,0,0,0,0,1,0,3620,0,0,-1,1,0
0,0,3,0,0,1,0,0,-1,-1,51,0,0,-1,1,0
0,0,3,0,0,0,0,0,1,0,17139,0,0,0,1,0
0,0,3,0,0,0,0,0,1,0,22864,0,0,0,0,0
0,0,3,0,0,1,0,0,1,0,9565,0,0,0,0,0
0,0,3,0,0,0,0,0,0,0,113253,0,0,0,3,0
0,0,2,0,0,0,0,0,0,0,99334,0,0,0,3,0
0,0,2,0,0,0,0,0,1,0,74683,0,0,0,4,0
0,0,3,0,0,0,-1,-1,-1,-1,0,0,0,-1,2,0
0,0,4,0,0,0,0,0,1,0,687,0,0,-1,4,0
0,0,3,0,0,1,0,0,-1,-1,140,0,0,-1,4,0
0,0,3,0,0,1,0,0,0,0,457469,0,0,-1,2,0
0,0,2,0,0,0,0,0,0,0,174675,0,0,-1,2,0
0,0,3,0,0,1,0,0,1,0,132852,0,0,-1,3,0
0,0,3,0,0,1,0,0,1,0,10380,0,0,-1,3,0
0,0,3,0,0,1,0,0,0,0,43721,0,0,-1,1,0
0,0,3,1,0,0,0,0,1,0,1318,0,0,0,2,0
0,0,3,1,0,0,0,0,1,0,13673,0,0,-1,2,0
0,0,3,0,0,0,-1,-1,0,0,57694,0,0,0,4,0
0,0,3,0,0,0,0,0,1,0,11990,0,0,-1,2,0
0,0,3,0,0,0,0,0,0,0,40702,0,0,-1,2,0
0,0,3,0,0,0,0,0,0,0,24634,0,0,0,2,0
0,0,2,0,0,0,0,0,1,0,18328,0,0,0,2,0
0,0,3,0,0,1,0,0,1,0,29817,0,0,-1,2,0
0,0,3,0,0,0,0,0,0,0,269973,0,0,-1,2,0
0,0,3,0,0,0,0,0,0,0,145987,0,0,0,3,0
0,0,3,0,0,1,0,0,1,0,167093,0,0,-1,4,0
0,0,4,0,0,1,0,0,1,0,2807,0,0,-1,2,0
0,0,3,0,0,1,0,0,0,0,193316,0,0,0,4,0
0,0,3,0,0,1,0,0,0,0,84758,0,0,0,2,0
0,0,3,0,0,1,0,0,1,0,399312,0,0,-1,2,0
0,0,3,0,0,0,-1,-1,0,0,133296,0,0,-1,3,0
0,0,3,0,0,0,0,0,0,0,169322,0,0,0,2,0
0,0,3,0,0,1,0,0,0,0,600330,0,0,0,1,0
0,0,3,0,0,0,0,0,0,0,45472,0,0,-1,2,0
0,0,3,0,0,1,0,0,1,0,409613,0,0,0,2,0
0,0,3,0,0,0,0,0,-1,0,6933,0,0,-1,2,0
0,0,2,0,0,0,0,0,-1,-1,219,0,0,0,4,0
0,0,3,0,0,1,0,0,1,0,113272,0,0,0,3,0
0,0,3,0,0,0,0,0,1,0,100667,0,0,-1,2,0
0,0,3,0,0,0,0,0,0,0,802601,0,0,-1,3,0
0,0,3,0,0,0,0,0,0,0,131025,0,0,0,4,0
0,0,3,0,0,1,0,0,1,0,887140,0,0,0,4,0
0,0,3,0,0,1,0,0,1,0,34291,0,0,-1,4,0
0,0,3,0,0,0,0,0,0,0,168913,0,0,-1,1,0
0,0,3,0,0,0,-1,-1,-1,-1,0,0,0,-1,3,0
0,0,3,0,0,1,0,0,0,0,126645,0,0,-1,3,0
0,0,3,0,0,0,-1,-1,-1,-1,0,0,0,-1,4,0
0,0,3,1,0,0,0,0,1,0,259054,0,0,-1,2,0
0,0,3,0,0,0,0,0,1,0,390375,0,0,0,2,0
0,0,3,0,0,1,0,0,1,0,92632,0,0,0,2,0
0,0,3,0,0,0,0,0,0,0,167535,0,0,-1,2,0
0,0,2,0,0,0,0,0,1,0,47153,0,0,-1,1,0
0,0,3,0,0,1,0,0,-1,-1,401,0,0,-1,2,0
0,0,3,0,0,1,0,0,0,0,70502,0,0,-1,3,0
0,0,3,0,0,0,0,0,0,0,22352,0,0,0,2,0
0,0,3,0,0,0,0,0,0,0,57684,0,0,-1,2,0
0,0,3,0,0,0,-1,-1,-1,-1,0,0,0,-1,2,0
0,0,3,0,0,0,0,0,1,0,25292,0,0,-1,2,0
0,0,3,0,0,1,0,0,1,0,182709,0,0,0,2,0
0,0,3,0,0,0,0,0,0,0,80308,0,0,-1,2,0
0,0,3,0,0,0,0,0,1,0,135314,0,0,-1,3,0
0,0,3,0,0,1,0,0,0,0,250386,0,0,0,3,0
0,0,3,0,0,0,0,0,1,0,829248,0,0,0,2,0
0,0,3,0,0,0,-1,-1,1,0,129566,0,0,-1,3,0
0,0,3,0,0,0,0,0,1,0,11543,0,0,0,4,0
0,0,2,0,0,0,0,0,1,0,8766,0,0,-1,2,0
0,0,3,0,0,0,0,0,1,0,324280,0,0,-1,3,0
0,0,3,0,0,0,0,0,1,0,34376,0,0,0,3,0
0,0,3,0,0,0,0,0,1,0,37743,0,0,-1,3,0
0,0,3,0,0,0,0,0,1,0,2303,0,0,-1,2,0
0,0,3,0,0,1,0,0,0,0,32195,0,0,-1,3,0
0,0,3,0,0,0,0,0,1,0,649730,0,0,0,2,0
0,0,3,0,0,1,0,0,1,0,19188,0,0,-1,3,0
0,0,3,0,0,0,0,0,0,0,9688,0,0,-1,2,0
0,0,3,0,0,0,0,0,0,0,61805,0,0,-1,4,0
0,0,3,0,0,1,0,0,1,0,3963,0,0,-1,2,0
0,0,3,0,0,0,0,0,0,0,46032,0,0,0,5,0
0,0,3,0,0,1,0,0,0,0,120456,0,0,-1,4,0
0,0,3,0,0,0,0,0,1,0,42013,0,0,-1,2,0
0,0,3,0,0,0,0,0,0,0,42492,0,0,-1,2,0
0,0,3,0,0,0,-1,-1,1,0,251310,0,0,0,2,0
0,0,3,0,0,0,0,0,1,0,7993,0,0,0,4,0
0,0,3,0,0,1,0,0,0,0,82456,0,0,-1,2,0
0,0,3,0,0,1,0,0,1,0,4920,0,0,-1,4,0
0,0,3,0,0,0,0,0,1,0,54866,0,0,-1,2,0
0,0,2,0,0,0,-1,-1,-1,-1,0,0,0,-1,2,0
0,0,4,0,0,1,0,0,0,0,48705,0,0,0,2,0
0,0,3,1,0,1,0,0,1,0,14395,0,0,0,2,0
0,0,3,0,0,1,0,0,0,0,29832,0,0,0,2,0
0,0,2,0,0,0,0,0,0,0,108532,0,0,0,3,0
0,0,3,0,0,0,0,0,1,0,22004,0,0,-1,0,0
0,0,3,0,0,0,0,0,1,0,17877,0,0,0,2,0
0,0,2,0,0,0,-1,-1,1,0,127095,0,0,0,2,0
0,0,3,0,0,0,0,0,1,0,156025,0,0,0,2,0
0,0,3,0,0,0,0,0,1,0,38210,0,0,0,2,0
0,0,3,0,0,0,0,0,1,0,11840,0,0,0,2,0
0,0,3,0,0,0,0,0,0,0,85223,0,0,-1,2,0
0,0,3,0,0,0,0,0,1,0,123909,0,0,-1,2,0
0,0,3,0,0,0,0,0,0,0,24410,0,0,-1,2,0
0,0,3,0,0,0,0,0,-1,-1,140,0,0,0,2,0
0,0,3,0,0,0,0,0,0,0,7077,0,0,-1,0,0
0,0,3,0,0,0,0,0,0,0,5253,0,0,-1,1,0
0,0,3,0,0,0,0,0,0,0,13677,0,0,-1,1,0
0,0,3,0,0,0,0,0,0,0,572997,0,0,-1,1,0
0,0,3,0,0,0,0,0,1,0,19317,0,0,0,2,0
0,0,3,0,0,0,-1,-1,-1,-1,0,1,0,-1,2,0
0,0,3,0,0,0,0,0,-1,-1,140,0,0,0,2,0
0,0,3,0,0,0,0,0,0,0,92096,0,0,0,1,0
0,0,3,0,0,0,0,0,0,0,15714,0,0,0,2,0
0,0,3,0,0,0,0,0,1,0,84969,0,0,-1,3,0
0,0,3,0,0,0,0,0,1,0,46187,0,0,-1,2,0
0,0,3,1,0,0,0,0,1,0,314590,0,0,0,2,0
0,0,3,0,0,0,0,0,1,0,97054,0,0,0,2,0
0,0,3,0,0,0,0,0,0,0,22200,0,0,-1,2,0
0,0,3,0,0,0,0,0,1,0,45220,0,0,0,3,0
0,0,2,0,0,0,0,0,-1,-1,199,0,0,0,2,0
0,0,3,1,0,0,0,0,1,0,2905,0,0,0,3,0
0,0,3,0,0,1,0,0,0,0,83295,0,0,0,2,0
0,0,3,0,0,0,0,0,0,0,77691,0,0,0,3,0
0,0,2,0,0,0,0,0,1,0,99819,0,0,-1,2,0
0,0,3,0,0,0,0,0,0,0,33940,0,0,0,3,0
0,0,3,0,0,0,-1,-1,-1,-1,0,0,0,0,2,0
0,0,3,0,0,0,0,0,0,0,556516,0,0,0,2,0
0,0,3,1,0,0,0,0,1,0,53432,0,0,0,2,0
0,0,3,0,0,0,0,0,0,0,24832,0,0,-1,2,0
0,0,2,0,0,0,0,0,0,0,6197,0,0,-1,2,0
0,0,3,0,0,0,0,0,0,0,82328,0,0,0,2,0
0,0,3,0,0,0,0,0,-1,-1,296,0,0,-1,2,0
0,0,2,0,0,0,0,0,1,0,624,0,0,0,2,0
0,0,3,0,0,0,0,0,1,0,40355,0,0,-1,2,0
0,0,3,0,0,0,0,0,0,0,114168,0,0,0,2,0
0,0,3,0,0,0,0,0,1,0,10560,0,0,0,2,0
0,0,3,0,0,0,0,0,1,0,128073,0,0,0,2,0
0,0,3,0,0,0,0,0,1,0,14638,0,0,0,3,0
0,0,3,1,0,0,-1,-1,-1,-1,0,1,0,-1,2,0
0,0,3,0,0,0,0,0,0,0,33134,0,0,0,2,0
0,0,3,0,0,0,0,0,1,0,40569,0,0,-1,4,0
0,0,3,0,0,0,0,0,1,0,1194,0,0,0,1,0
0,0,3,0,0,0,0,0,0,0,99602,0,0,0,2,0
0,0,3,0,0,1,0,0,1,0,122459,0,0,0,3,0
0,0,3,0,0,0,0,0,0,0,8638,0,0,0,2,0
0,0,3,0,0,0,0,0,0,0,186767,0,0,-1,2,0
0,0,3,0,0,0,0,0,0,0,26696,0,0,0,2,0
0,0,3,0,0,0,0,0,1,0,178017,0,0,-1,2,0
0,0,3,0,0,1,0,0,0,0,642406,0,0,0,2,0
0,0,3,0,0,0,0,0,-1,-1,219,0,0,-1,2,0
0,0,2,0,0,0,0,0,1,0,597646,0,0,0,2,0
0,0,3,0,0,0,0,0,-1,-1,219,0,0,0,3,0
0,0,3,0,0,0,0,0,1,0,12051,0,0,0,2,0
0,0,3,1,0,0,0,0,1,0,4796,0,0,0,3,0
0,0,2,0,0,0,0,0,0,0,8752,0,0,-1,1,0
0,0,3,0,0,0,0,0,1,0,922264,0,0,-1,2,0
0,0,3,0,0,0,0,0,0,0,32362,0,0,0,4,0
0,0,3,0,0,0,0,0,0,0,372369,0,0,0,2,0
0,0,3,0,0,0,0,0,1,0,25364,0,0,0,2,0
0,0,3,0,0,0,0,0,1,0,32026,0,0,0,1,0
0,0,3,0,0,0,0,0,1,0,91694,0,0,-1,2,0
0,0,3,1,0,0,0,0,1,0,9417,0,0,0,4,0
0,0,3,0,0,0,0,0,1,0,442923,0,0,0,2,0
0,0,3,0,0,0,0,0,0,0,62535,0,0,-1,2,0
0,0,3,0,0,0,0,0,0,0,38938,0,0,0,2,0
0,0,3,0,0,0,0,0,1,0,56976,0,0,0,2,0
0,0,3,0,0,0,-1,-1,-1,-1,0,1,0,-1,3,0
0,0,3,1,0,0,0,0,1,0,54239,0,0,0,4,0
0,0,3,0,0,0,0,0,1,0,15128,0,0,0,2,0
0,0,3,0,0,0,0,0,1,0,48240,0,0,-1,0,0
0,0,3,0,0,0,0,0,0,0,19381,0,0,-1,2,0
0,0,3,0,0,0,-1,-1,-1,-1,0,0,0,0,2,0
0,0,3,0,0,0,0,0,0,0,203240,0,0,-1,2,0
0,0,3,0,0,0,0,0,0,0,69381,0,0,0,2,0
0,0,3,0,0,0,0,0,1,0,53174,0,0,-1,1,0
0,0,3,0,0,0,0,0,1,0,17125,0,0,-1,2,0
0,0,3,0,0,0,0,0,-1,-1,219,0,0,0,2,0
0,0,3,0,0,0,-1,-1,-1,-1,0,0,0,-1,0,0
0,0,3,0,0,0,0,0,1,0,174721,0,0,-1,2,0
0,0,3,0,0,0,0,0,1,0,24513,0,0,-1,0,0
0,0,2,0,0,0,0,0,1,0,41979,0,0,-1,0,0
0,0,3,0,0,1,0,0,0,0,70375,0,0,0,2,0
0,0,3,0,0,0,0,0,1,0,70016,0,0,-1,3,0
0,0,4,0,0,1,0,0,1,0,7227,0,0,-1,4,0
0,0,3,0,0,1,0,0,1,0,14633,0,0,0,2,0
0,0,3,0,0,1,0,0,1,0,352245,0,0,0,1,0
0,0,2,0,0,0,0,0,0,0,41996,0,0,-1,2,0
0,0,3,0,0,1,0,0,0,0,16576,0,0,0,3,0
0,0,1,0,0,0,0,0,1,0,43475,0,0,0,2,0
0,0,3,0,0,1,0,0,1,0,7227,0,0,-1,4,0
0,0,3,0,0,0,0,0,0,0,19331,0,0,-1,4,0
0,0,3,0,0,1,0,0,0,0,117651,0,0,0,3,0
0,0,3,0,0,0,0,0,0,0,51190,0,0,0,5,0
0,0,3,0,0,0,-1,-1,1,0,31587,0,0,0,2,0
0,0,3,1,0,0,-1,-1,-1,-1,0,0,0,0,2,0
0,0,3,0,0,0,0,0,0,0,598819,0,0,0,2,0
0,0,3,0,0,0,0,0,1,0,129212,0,0,0,2,0
0,0,3,0,0,0,0,0,0,0,34367,0,0,0,2,0
0,0,3,0,0,0,0,0,0,0,139371,0,0,-1,2,0
0,0,3,0,0,0,0,0,1,0,71184,0,0,0,4,0
0,0,3,0,0,0,0,0,0,0,133297,0,0,0,2,0
0,0,3,0,0,0,0,0,0,0,115659,0,0,0,3,0
0,0,3,0,0,0,-1,-1,0,0,22016,0,0,-1,2,0
0,0,3,0,0,0,0,0,0,0,374144,0,0,0,2,0
0,0,2,0,0,0,0,0,0,0,261879,0,0,-1,2,0
0,0,3,0,0,0,0,0,0,0,23207,0,0,0,2,0
0,0,3,0,0,0,0,0,0,0,130147,0,0,-1,2,0
0,0,2,0,0,0,0,0,0,0,84323,0,0,0,2,0
0,0,2,0,0,0,0,0,0,0,183524,0,0,0,2,0
0,0,3,0,0,0,0,0,1,0,334190,0,0,0,2,0
0,0,3,0,0,0,0,0,0,0,13990,0,0,0,2,0
0,0,3,0,0,0,0,0,0,0,98407,0,0,-1,2,0
0,0,3,0,0,0,0,0,0,0,409182,0,0,0,2,0
0,0,3,0,0,0,0,0,0,0,383343,0,0,0,2,0
0,0,3,0,0,0,0,0,0,0,302376,0,0,0,3,0
0,0,3,0,0,0,0,0,1,0,32454,0,0,0,3,0
0,0,3,0,0,0,-1,-1,1,0,22402,0,0,-1,2,0
0,0,3,0,0,0,0,0,1,0,39283,0,0,0,2,0
0,0,3,0,0,0,0,0,0,0,19565,0,0,0,2,0
0,0,3,0,0,0,0,0,1,0,93934,0,0,0,2,0
0,0,3,0,0,0,0,0,0,0,84064,0,0,0,2,0
0,0,3,0,0,0,-1,-1,-1,-1,0,0,0,-1,2,0
0,0,3,0,0,0,0,0,1,0,24514,1,0,0,2,0
0,0,3,0,0,0,0,0,0,0,33364,0,0,0,2,0
0,0,3,0,0,0,0,0,1,0,915975,0,0,0,2,0
0,0,3,1,0,0,0,0,1,0,18758,0,0,0,2,0
0,0,3,0,0,0,-1,-1,-1,-1,0,0,0,-1,2,0
0,0,3,1,0,0,0,0,-1,-1,140,0,0,0,2,0
0,0,3,0,0,0,0,0,0,0,15821,0,0,0,2,0
0,0,3,0,0,0,0,0,1,0,4040,0,0,0,2,0
0,0,3,0,0,0,0,0,-1,-1,200,0,0,-1,2,0
0,0,3,0,0,0,0,0,1,0,105353,0,0,0,3,0
0,0,3,0,0,0,0,0,0,0,178312,0,0,0,3,0
0,0,3,0,0,1,0,0,-1,-1,140,0,0,0,2,0
0,0,3,0,0,0,0,0,1,0,159969,0,0,-1,2,0
0,0,3,0,0,0,0,0,1,0,128925,0,0,-1,3,0
0,0,3,0,0,0,0,0,-1,-1,140,0,0,0,3,0
0,0,3,0,0,1,0,0,0,0,13984,0,0,0,3,0
0,0,3,0,0,0,0,0,0,0,268157,0,0,0,2,0
0,0,3,0,0,0,0,0,-1,-1,140,0,0,-1,2,0
0,0,3,0,0,0,0,0,0,0,31453,0,0,0,2,0
0,0,3,0,0,0,0,0,0,0,285930,0,0,-1,3,0
0,0,3,0,0,0,0,0,1,0,66807,0,0,-1,2,0
0,0,3,0,0,0,0,0,0,0,64388,0,0,-1,2,0
0,0,3,0,0,0,0,0,1,0,146768,0,0,0,2,0
0,0,3,0,0,0,0,0,1,0,333,0,0,-1,2,0
0,0,3,0,0,0,0,0,0,0,278013,0,0,0,4,0
0,0,3,0,0,0,0,0,1,0,21446,0,0,0,2,0
0,0,3,0,0,0,-1,-1,-1,-1,0,0,0,-1,2,0
0,0,3,0,0,1,0,0,-1,-1,140,0,0,-1,2,0
0,0,3,0,0,0,0,0,-1,0,1200,0,0,-1,2,0
0,0,3,0,0,0,0,0,1,0,45555,0,0,-1,2,0
0,0,3,0,0,0,0,0,1,0,10257,0,0,0,0,0
0,0,2,0,0,1,0,0,1,0,73276,0,0,-1,2,0
0,0,3,0,0,0,0,0,1,0,411252,0,0,-1,2,0
0,0,3,0,0,0,0,0,1,0,125796,0,0,0,2,0
0,0,3,0,0,0,0,0,0,0,71312,0,0,0,2,0
0,0,3,0,0,0,0,0,1,0,381880,0,0,0,2,0
0,0,3,0,0,0,0,0,1,0,4796,0,0,0,2,0
0,0,3,0,0,0,0,0,-1,-1,140,0,0,-1,2,0
0,0,3,0,0,0,0,0,0,0,13675,0,0,-1,1,0
0,0,3,0,0,0,0,0,0,0,138309,0,0,0,1,0
0,0,3,0,0,0,-1,-1,-1,-1,0,0,0,-1,0,0
0,0,3,0,0,0,0,0,0,0,39607,0,0,-1,2,0
0,0,2,0,0,0,0,0,0,0,213713,0,0,-1,2,0
0,0,3,0,0,1,0,0,1,0,562386,0,0,-1,3,0
0,0,3,0,0,1,0,0,0,0,5799,0,0,-1,2,0
0,0,2,0,0,0,0,0,0,0,102628,0,0,-1,3,0
0,0,2,0,0,0,0,0,0,0,13368,0,0,0,3,0
0,0,3,0,0,0,-1,-1,-1,-1,0,0,0,-1,3,0
0,0,3,0,0,0,0,0,1,0,28589,0,0,0,2,0
0,0,3,0,0,0,0,0,-1,0,86,0,0,0,2,0
0,0,3,0,0,0,0,0,0,0,486568,0,0,0,2,0
0,0,3,0,0,0,0,0,0,0,60684,0,0,-1,2,0
0,0,3,0,0,0,0,0,0,0,12822,0,0,0,2,0
0,0,3,0,0,0,0,0,-1,-1,11,0,0,-1,2,0
0,0,3,0,0,0,0,0,-1,-1,5514,0,0,-1,2,0
0,0,3,0,0,0,0,0,1,0,64732,0,0,-1,2,0
0,0,3,0,0,0,0,0,0,0,134374,0,0,0,2,0
0,0,3,0,0,0,0,0,1,0,14470,0,-1,0,2,0
0,0,3,0,0,0,0,0,-1,-1,219,0,0,-1,0,0
0,0,3,0,0,0,0,0,1,0,4002,0,0,0,2,0
0,0,3,0,0,0,0,0,1,0,24039,0,0,0,2,0
0,0,3,0,0,0,0,0,1,0,13521,0,0,0,2,0
0,0,3,0,0,0,0,0,0,0,22644,0,0,0,2,0
0,0,3,0,0,0,0,0,0,0,636038,0,0,-1,2,0
